-- phpMyAdmin SQL Dump
-- version 5.2.1
-- https://www.phpmyadmin.net/
--
-- Host: 127.0.0.1
-- Generation Time: Dec 03, 2024 at 05:39 AM
-- Server version: 10.4.32-MariaDB
-- PHP Version: 8.2.12

SET SQL_MODE = "NO_AUTO_VALUE_ON_ZERO";
START TRANSACTION;
SET time_zone = "+00:00";


/*!40101 SET @OLD_CHARACTER_SET_CLIENT=@@CHARACTER_SET_CLIENT */;
/*!40101 SET @OLD_CHARACTER_SET_RESULTS=@@CHARACTER_SET_RESULTS */;
/*!40101 SET @OLD_COLLATION_CONNECTION=@@COLLATION_CONNECTION */;
/*!40101 SET NAMES utf8mb4 */;

--
-- Database: `reservation`
--

-- --------------------------------------------------------

--
-- Table structure for table `admin_logs`
--

CREATE TABLE `admin_logs` (
  `log_id` int(11) NOT NULL,
  `admin_id` int(11) NOT NULL,
  `action` varchar(255) NOT NULL,
  `description` text DEFAULT NULL,
  `timestamp` datetime NOT NULL DEFAULT current_timestamp()
) ENGINE=InnoDB DEFAULT CHARSET=utf8mb4 COLLATE=utf8mb4_general_ci;

--
-- Dumping data for table `admin_logs`
--

INSERT INTO `admin_logs` (`log_id`, `admin_id`, `action`, `description`, `timestamp`) VALUES
(1, 1, 'Add', 'Added new boat: Name = waterway 3, Capacity = 70, Status = Available', '2024-10-04 11:03:51'),
(2, 1, 'Delete', 'Deleted boat: ID = 4, Name = waterway 3', '2024-10-04 11:03:55'),
(3, 1, 'Delete', 'Deleted boat: ID = 4, Name = waterway 3', '2024-10-04 11:03:59'),
(4, 1, 'Add Route', 'Added Route: Desert', '2024-10-04 11:13:23'),
(5, 1, 'Delete Route', 'Deleted Route ID: 3', '2024-10-04 11:13:38'),
(6, 1, 'Edit Route', 'Edited Route ID: 1', '2024-10-04 11:13:58'),
(7, 1, 'Added stop ID: 13 for route ID: 2', NULL, '2024-10-04 11:17:19'),
(8, 1, 'Add Stop', 'Added stop ID: 14 for route ID: 2 with location \'Coast F\', stop order 6, and arrival time \'04:21\'.', '2024-10-04 11:21:35'),
(9, 1, 'Delete Stop', 'Deleted stop ID: 14 for route ID: 2.', '2024-10-04 11:22:31'),
(10, 1, 'Delete Stop', 'Deleted stop ID: 13 for route ID: 2.', '2024-10-04 11:22:57'),
(11, 1, 'Edit Stop', 'Edited stop ID: 12 for route ID: 2 with location \'Coast D\', stop order 4, and arrival time \'02:00:00\'.', '2024-10-04 11:28:49'),
(12, 1, 'Edit Stop', 'Edited stop ID: 12 for route ID: 2 with location \'Coast D\', stop order 4, and arrival time \'00:02:02\'.', '2024-10-04 11:30:45'),
(13, 1, 'Add Stop Price', 'Added price for start stop ID: 6 and end stop ID: 8', '2024-10-04 12:14:41'),
(14, 1, 'Edit Stop Price', 'Updated price for ID: 1', '2024-10-04 12:15:18'),
(15, 1, 'Edit Stop Price', 'Updated price for ID: 1', '2024-10-04 12:16:17'),
(16, 1, 'Edit Stop Price', 'Updated price for ID: 10', '2024-10-04 12:16:47'),
(17, 1, 'Edit Stop Price', 'Updated price for ID: 10', '2024-10-04 12:17:11'),
(18, 1, 'Edit Stop Price', 'Updated price for ID: 1', '2024-10-04 12:17:19'),
(19, 1, 'Edit Stop Price', 'Updated price for ID: 1', '2024-10-04 12:19:45'),
(20, 1, 'Edit Stop Price', 'Updated price for ID: 1', '2024-10-04 12:19:49'),
(21, 1, 'Edit Stop Price', 'Updated price for ID: 4', '2024-10-04 12:20:04'),
(22, 1, 'Edit Stop Price', 'Updated price for ID: 1', '2024-10-04 12:22:47'),
(23, 1, 'Edit Stop Price', 'Updated price for ID: 10', '2024-10-04 12:23:17'),
(24, 1, 'Edit Stop Price', 'Updated price for ID: 10', '2024-10-04 12:25:06'),
(25, 1, 'Add Stop Price', 'Added price for start stop ID: 7 and end stop ID: 8', '2024-10-04 12:25:21'),
(26, 1, 'Remove Stop Price', 'Removed price for ID: 9', '2024-10-04 12:25:40'),
(27, 1, 'Add Schedule', 'Added schedule for boat ID: 3, route ID: 2, departure time: 2024-10-04T05:55.', '2024-10-04 09:00:51'),
(28, 1, 'Edit Schedule', 'Edited schedule ID: 22. New Departure: 2024-10-04T12:00, New Arrival: 2024-10-04T22:51, New Status: Scheduled.', '2024-10-04 09:03:15'),
(29, 1, 'Edit Schedule', 'Edited schedule ID: 1. New Departure: 2024-10-03T10:00, New Arrival: 2024-10-03T13:31, New Status: Scheduled.', '2024-10-04 09:06:11'),
(30, 1, 'Edit Schedule', 'Edited schedule ID: 1. New Departure: 2024-10-03T10:00, New Arrival: 2024-10-03T13:31, New Status: Unscheduled.', '2024-10-04 09:06:19'),
(31, 1, 'Edit Stop Price', 'Updated price for ID: 1', '2024-10-04 12:40:10'),
(32, 1, 'Add', 'Added new boat: Name = waterway 4, Capacity = 40, Status = Available', '2024-10-04 12:48:49'),
(33, 1, 'Added seats to max capacity', 'Added 40 seats for Boat ID: 5', '2024-10-04 12:48:59'),
(34, 1, 'Updated a seat', 'Updated Seat ID: 283 to Seat Number: 1, Type: vip', '2024-10-04 12:49:19'),
(35, 1, 'Deleted a seat', 'Deleted Seat Number: 27 from Boat ID: 5', '2024-10-04 12:49:37'),
(36, 1, 'Deleted a seat', 'Deleted Seat Number: 8 from Boat ID: 5', '2024-10-04 12:50:12'),
(37, 1, 'Updated a seat', 'Updated Seat ID: 297 to Seat Number: 99, Type: Regular', '2024-10-04 12:50:30'),
(38, 1, 'Cancelled booking ID: 7. Refund Amount: ₹33.75', NULL, '2024-10-04 12:56:32'),
(39, 1, 'Cancellation', 'Cancelled booking ID: 5. Refund Amount: ₹18.75', '2024-10-04 12:59:03'),
(40, 1, 'Add Boat', 'Added new boat: Name = waterway 5, Capacity = 25, Status = Available', '2024-10-04 13:02:16'),
(41, 1, 'Added seats to max capacity', 'Added 25 seats for Boat ID: 6', '2024-10-04 13:02:23'),
(42, 1, 'Add Schedule', 'Added schedule for boat ID', '2024-10-04 09:33:09'),
(43, 1, 'Add Schedule', 'Added schedule for boat ID: 6, route ID: 2, departure time: 2024-10-05T16:09.', '2024-10-04 09:36:19'),
(44, 1, 'Update', 'Updated schedule ID: 25. New Departure Time: 2024-10-04T13:02, New Arrival Time: 2024-10-04T20:03, New Status: Scheduled.', '2024-10-04 13:08:04'),
(45, 1, 'Insert', 'Added schedule for Boat ID: 6, Route ID: 1, Departure Time: 2024-10-19T13:08.', '2024-10-04 13:09:00'),
(46, 1, 'Update', 'Updated schedule ID: 1. New Departure Time: 2024-10-04T10:00, New Arrival Time: 2024-10-03T13:31, New Status: Unscheduled.', '2024-10-05 12:28:53'),
(47, 1, 'Update', 'Updated schedule ID: 1. New Departure Time: 2024-10-04T10:00, New Arrival Time: 2024-10-05T13:31, New Status: Unscheduled.', '2024-10-05 12:29:18'),
(48, 1, 'Update', 'Updated schedule ID: 1. New Departure Time: 2024-10-05T10:00, New Arrival Time: 2024-10-05T13:31, New Status: Unscheduled.', '2024-10-05 12:29:36'),
(49, 1, 'Update', 'Updated schedule ID: 1. New Departure Time: 2024-10-05T11:00, New Arrival Time: 2024-10-05T13:31, New Status: Unscheduled.', '2024-10-05 12:29:54'),
(50, 1, 'Updated a seat', 'Updated Seat ID: 75 to Seat Number: 28, Type: Vip', '2024-10-06 20:05:39'),
(51, 1, 'Cancellation', 'Cancelled booking ID: 1. Refund Amount: ₹21.00', '2024-10-06 20:06:06'),
(52, 1, 'Update', 'Updated schedule ID: 2. New Departure Time: 2024-10-10T18:00, New Arrival Time: 2024-10-10T23:00, New Status: Scheduled.', '2024-10-10 10:42:38'),
(53, 1, 'Update', 'Updated schedule ID: 18. New Departure Time: 2024-10-10T10:00, New Arrival Time: 2024-10-10T14:38, New Status: Scheduled.', '2024-10-10 10:43:04'),
(54, 1, 'Add Stop Price', 'Added price for start stop ID: 2 and end stop ID: 7', '2024-10-10 12:04:20'),
(55, 1, 'Add Stop', 'Added stop ID: 15 for route ID: 1 with location \'place i\', stop order 9, and arrival time \'03:48\'.', '2024-10-10 13:48:40'),
(56, 1, 'Add Stop Price', 'Added price for start stop ID: 1 and end stop ID: 15', '2024-10-10 13:49:05'),
(57, 1, 'Insert', 'Added schedule for Boat ID: 2, Route ID: 1, Departure Time: 2024-10-10T10:25.', '2024-10-10 13:49:51'),
(58, 1, 'Insert', 'Added schedule for Boat ID: 6, Route ID: 1, Departure Time: 2024-10-10T10:25.', '2024-10-10 13:50:48'),
(59, 1, 'Update', 'Updated schedule ID: 2. New Departure Time: 2024-10-10T21:00, New Arrival Time: 2024-10-10T00:00, New Status: Scheduled.', '2024-10-10 14:12:17'),
(60, 1, 'Update', 'Updated schedule ID: 6. New Departure Time: 2024-10-25T09:45, New Arrival Time: 2024-10-25T18:46, New Status: Scheduled.', '2024-10-25 11:44:55'),
(61, 1, 'Cancellation', 'Cancelled booking ID: 1. Refund Amount: ₹21.00', '2024-10-25 14:58:25'),
(62, 1, 'Cancellation', 'Cancelled booking ID: 66. Refund Amount: ₹18.75', '2024-10-25 14:58:56'),
(63, 1, 'Cancellation', 'Cancelled booking ID: 80. Refund Amount: ₹18.75', '2024-10-25 14:58:59'),
(64, 1, 'Cancellation', 'Cancelled booking ID: 79. Refund Amount: ₹18.75', '2024-10-25 14:59:09'),
(65, 1, 'Cancellation', 'Cancelled booking ID: 78. Refund Amount: ₹18.75', '2024-10-25 14:59:12'),
(66, 1, 'Cancellation', 'Cancelled booking ID: 77. Refund Amount: ₹18.75', '2024-10-25 14:59:17'),
(67, 1, 'Cancellation', 'Cancelled booking ID: 77. Refund Amount: ₹18.75', '2024-10-25 14:59:22'),
(68, 1, 'Cancellation', 'Cancelled booking ID: 7. Refund Amount: ₹18.75', '2024-10-25 14:59:30'),
(69, 1, 'Cancellation', 'Cancelled booking ID: 8. Refund Amount: ₹18.75', '2024-10-25 14:59:34'),
(70, 1, 'Cancellation', 'Cancelled booking ID: 9. Refund Amount: ₹18.75', '2024-10-25 14:59:38'),
(71, 1, 'Cancellation', 'Cancelled booking ID: 10. Refund Amount: ₹18.75', '2024-10-25 14:59:42'),
(72, 1, 'Cancellation', 'Cancelled booking ID: 11. Refund Amount: ₹18.75', '2024-10-25 14:59:46'),
(73, 1, 'Cancellation', 'Cancelled booking ID: 12. Refund Amount: ₹18.75', '2024-10-25 14:59:50'),
(74, 1, 'Add Stop Price', 'Added price for start stop ID: 10 and end stop ID: 11', '2024-10-25 15:02:21'),
(75, 1, 'Cancellation', 'Cancelled booking ID: 82. Refund Amount: ₹18.75', '2024-10-25 15:05:54'),
(76, 1, 'Insert', 'Added schedule for Boat ID: 2, Route ID: 1, Departure Time: 2024-10-27T05:00.', '2024-10-27 11:01:58'),
(77, 1, 'Update', 'Updated schedule ID: 30. New Departure Time: 2024-10-27T06:00, New Arrival Time: 2024-10-27T12:03, New Status: Scheduled.', '2024-10-27 11:04:46'),
(78, 1, 'Edit Boat', 'Edited boat: ID = 3, Name changed to: waterway 3, Capacity changed to: 30, Status changed to: Available', '2024-10-27 11:48:29'),
(79, 1, 'Deleted a seat', 'Deleted Seat Number: 70 from Boat ID: 3', '2024-10-27 11:48:42'),
(80, 1, 'Deleted a seat', 'Deleted Seat Number: 69 from Boat ID: 3', '2024-10-27 11:48:51'),
(81, 1, 'Insert', 'Added schedule for Boat ID: 1, Route ID: 2, Departure Time: 2024-10-27T05:00.', '2024-10-27 12:37:48'),
(82, 1, 'Insert', 'Added schedule for Boat ID: 6, Route ID: 2, Departure Time: 2024-10-27T12:00.', '2024-10-27 12:38:35'),
(83, 1, 'Cancellation', 'Cancelled booking ID: 112. Refund Amount: ₹9.00', '2024-10-30 19:21:01'),
(84, 1, 'Edit Stop', 'Edited stop ID: 1 for route ID: 1 with location \'\', stop order , km , and arrival time \'\'.', '2024-10-30 19:53:04'),
(85, 1, 'Edit Stop', 'Edited stop ID: 1 for route ID: 1 with location \'\', stop order , km , and arrival time \'\'.', '2024-10-30 19:53:12'),
(86, 1, 'Edit Stop', 'Edited stop ID: 1 for route ID: 1 with location \'\', stop order , km , and arrival time \'\'.', '2024-10-30 19:53:20'),
(87, 1, 'Edit Stop', 'Edited stop ID: 1 for route ID: 1 with location \'\', stop order , km , and arrival time \'\'.', '2024-10-30 19:54:41'),
(88, 1, 'Edit Stop', 'Edited stop ID: 1 for route ID: 1 with location \'LAke B\', stop order 0, km , and arrival time \'\'.', '2024-10-30 19:54:59'),
(89, 1, 'Edit Stop', 'Edited stop ID: 1 for route ID: 1 with location \'LAke B\', stop order 1, and arrival time \'00:00:00\'.', '2024-10-30 19:58:18'),
(90, 1, 'Edit Stop', 'Edited stop ID: 1 for route ID: 1 with location \'LAke B\', stop order 1, km , and arrival time \'00:00:00\'.', '2024-10-30 20:00:21'),
(91, 1, 'Add Stop', 'Added stop ID: 5 for route ID: 1 with location \'Lake E\', stop order 5, km 2.5, and arrival time \'00:25\'.', '2024-10-30 20:13:06'),
(92, 1, 'Add Stop', 'Added stop ID: 6 for route ID: 1 with location \'Lake A\', stop order 1, km 0, and arrival time \'00:00\'.', '2024-10-30 20:16:57'),
(93, 1, 'Add Stop', 'Added stop ID: 7 for route ID: 1 with location \'Lake B\', stop order 2, km 2.5, and arrival time \'00:25\'.', '2024-10-30 20:17:20'),
(94, 1, 'Add Stop', 'Added stop ID: 8 for route ID: 1 with location \'Lake C\', stop order 3, km 5, and arrival time \'00:50\'.', '2024-10-30 20:17:36'),
(95, 1, 'Add Stop', 'Added stop ID: 9 for route ID: 1 with location \'Lake D\', stop order 4, km 10, and arrival time \'01:40\'.', '2024-10-30 20:18:18'),
(96, 1, 'Add Stop', 'Added stop ID: 10 for route ID: 1 with location \'Lake D\', stop order 4, km 10, and arrival time \'01:40\'.', '2024-10-30 20:20:43'),
(97, 1, 'Update Stop Pricing', 'Updated prices for route ID: 2', '2024-10-30 20:33:18'),
(98, 1, 'Update Stop Pricing', 'Updated prices for route ID: 1', '2024-10-30 20:33:39'),
(99, 1, 'Update Stop Pricing', 'Updated prices for route ID: 1', '2024-10-30 20:37:20'),
(100, 1, 'Update Stop Pricing', 'Updated prices for route ID: 1', '2024-10-30 20:37:42'),
(101, 1, 'Update Stop Pricing', 'Updated prices for route ID: 1', '2024-10-30 20:38:39'),
(102, 1, 'Update Stop Pricing', 'Updated prices for route ID: 1', '2024-10-30 20:40:57'),
(103, 1, 'Update Stop Pricing', 'Updated prices for route ID: 1', '2024-10-30 20:41:14'),
(104, 1, 'Edit Stop Price', 'Updated price for ID: 91', '2024-10-30 20:41:56'),
(105, 1, 'Edit Stop Price', 'Updated price for ID: 91', '2024-10-30 20:42:51'),
(106, 1, 'Edit Stop Price', 'Updated price for ID: 91', '2024-10-30 20:42:55'),
(107, 1, 'Update Stop Pricing', 'Updated prices for route ID: 1', '2024-10-30 20:59:09'),
(108, 1, 'Update Stop Pricing', 'Updated prices for route ID: 1', '2024-10-30 21:00:04'),
(109, 1, 'Edit Boat', 'Edited boat: ID = 2, Name changed to: waterway 2, Capacity changed to: 50, Status changed to: Available', '2024-11-01 14:05:11'),
(110, 1, 'Update Stop Pricing', 'Updated prices for route ID: 2', '2024-11-03 10:10:24'),
(111, 1, 'Add Stop', 'Added stop ID: 11 for route ID: 1 with location \'Place E\', stop order 5, km 3, and arrival time \'00:30\'.', '2024-11-03 10:13:44'),
(112, 1, 'Update Stop Pricing', 'Updated prices for route ID: 1', '2024-11-03 10:14:07'),
(113, 1, 'Add Stop', 'Added stop ID: 12 for route ID: 1 with location \'Lake E\', stop order 5, km 15, and arrival time \'02:30\'.', '2024-11-03 10:17:57'),
(114, 1, 'Update Stop Pricing', 'Updated prices for route ID: 1', '2024-11-03 10:18:29'),
(115, 1, 'Add Boat', 'Added new boat: Name = waterway 7, Capacity = 45, Status = Available', '2024-11-03 11:09:30'),
(116, 1, 'Add Route', 'Added Route: Ernakulam', '2024-11-03 11:10:23'),
(117, 1, 'Edit Route', 'Edited Route ID: 1', '2024-11-03 11:14:18'),
(118, 1, 'Delete Route', 'Deleted Route ID: 4', '2024-11-03 11:14:37'),
(119, 1, 'Add Stop', 'Added stop ID: 13 for route ID: 1 with location \'Lake F\', stop order 6, km 20, and arrival time \'03:20\'.', '2024-11-03 11:15:55'),
(120, 1, 'Update Stop Pricing', 'Updated prices for route ID: 1', '2024-11-03 11:16:22'),
(121, 1, 'Add Route', 'Added Route: Ernakulam ', '2024-11-03 18:41:40'),
(122, 1, 'Edit Stop Price', 'Updated price for ID: 138', '2024-11-08 14:43:45'),
(123, 1, 'Edit Stop Price', 'Updated price for ID: 138', '2024-11-08 14:43:53'),
(124, 1, 'Update Stop Pricing', 'Updated prices for route ID: 1', '2024-11-08 14:44:03'),
(125, 1, 'Edit Stop', 'Edited stop ID: 7 for route ID: 1, including arrival time.', '2024-11-08 15:18:08'),
(126, 1, 'Update Stop Pricing', 'Updated prices for route ID: 1', '2024-11-08 15:18:25'),
(127, 1, 'Update Stop Pricing', 'Updated prices for route ID: 1', '2024-11-08 15:20:25'),
(128, 1, 'Add Stop', 'Added stop ID: 14 for route ID: 1 with location \'Lake G\', stop order 7, km 25, and arrival time \'04:10\'.', '2024-11-08 15:21:05'),
(129, 1, 'Add Stop', 'Added stop ID: 15 for route ID: 1 with location \'Lake G\', stop order 7, km 25, and arrival time \'04:10\'.', '2024-11-08 15:23:10'),
(130, 1, 'Update Stop Pricing', 'Updated prices for route ID: 1', '2024-11-08 15:25:07'),
(131, 1, 'Update Stop Pricing', 'Updated prices for route ID: 1', '2024-11-08 15:25:18'),
(132, 1, 'Add Stop', 'Added stop ID: 16 for route ID: 2 with location \'Coast A\', stop order 1, km .5, and arrival time \'00:05\'.', '2024-11-08 15:26:14'),
(133, 1, 'Update Stop Pricing', 'Updated prices for route ID: 2', '2024-11-08 15:26:19'),
(134, 1, 'Edit Route', 'Edited Route ID: 1', '2024-11-08 15:27:31'),
(135, 1, 'add', 'Added recurring schedule for boat 7, route 1, starting on 2024-11-09T16:00.', '2024-11-08 16:05:10'),
(136, 1, 'add', 'Added recurring schedule for boat 7, route 1, starting on 2024-11-09T16:00.', '2024-11-08 16:05:13'),
(137, 1, 'add', 'Added schedule for boat 7, route 1, departing at 2024-11-09T20:11.', '2024-11-08 16:07:22'),
(138, 1, 'Added seats to max capacity', 'Added 45 seats for Boat ID: 7', '2024-11-08 16:16:12'),
(139, 1, 'Updated a seat', 'Updated Seat ID: 362 to Seat Number: 17, Type: Regular', '2024-11-08 16:16:20'),
(140, 1, 'Edit Route', 'Edited Route ID: 1', '2024-11-08 16:16:39'),
(141, 1, 'Delete Route', 'Deleted Route ID: 5', '2024-11-08 16:16:51'),
(142, 1, 'add', 'Added recurring schedule for boat 3, route 1, starting on 2024-11-08T16:00.', '2024-11-08 16:23:45'),
(143, 1, 'add', 'Added recurring schedule for boat 3, route 1, starting on 2024-11-08T16:00.', '2024-11-08 16:23:47'),
(144, 1, 'add', 'Added recurring schedule for boat 3, route 1, starting on 2024-11-08T16:00.', '2024-11-08 16:23:49');

-- --------------------------------------------------------

--
-- Table structure for table `boats`
--

CREATE TABLE `boats` (
  `boat_id` int(11) NOT NULL,
  `boat_name` varchar(255) NOT NULL,
  `capacity` int(11) NOT NULL,
  `status` varchar(50) NOT NULL DEFAULT 'Active'
) ENGINE=InnoDB DEFAULT CHARSET=utf8mb4 COLLATE=utf8mb4_general_ci;

--
-- Dumping data for table `boats`
--

INSERT INTO `boats` (`boat_id`, `boat_name`, `capacity`, `status`) VALUES
(1, 'Waterway 1', 60, 'Available'),
(2, 'waterway 2', 50, 'Available'),
(3, 'waterway 3', 30, 'Available'),
(5, 'waterway 4', 40, 'Available'),
(6, 'waterway 5', 25, 'Available'),
(7, 'waterway 7', 45, 'Available');

-- --------------------------------------------------------

--
-- Table structure for table `cancellations`
--

CREATE TABLE `cancellations` (
  `cancellation_id` int(11) NOT NULL,
  `booking_id` int(11) NOT NULL,
  `cancellation_date` datetime NOT NULL DEFAULT current_timestamp(),
  `reason` text DEFAULT NULL
) ENGINE=InnoDB DEFAULT CHARSET=utf8mb4 COLLATE=utf8mb4_general_ci;

--
-- Dumping data for table `cancellations`
--

INSERT INTO `cancellations` (`cancellation_id`, `booking_id`, `cancellation_date`, `reason`) VALUES
(1, 16, '2024-09-19 11:56:13', NULL),
(2, 16, '2024-09-19 11:57:02', NULL),
(3, 47, '2024-09-19 12:01:14', NULL),
(4, 48, '2024-09-19 12:01:25', NULL),
(5, 48, '2024-09-19 12:01:27', NULL),
(6, 20, '2024-09-19 12:13:29', NULL),
(7, 47, '2024-09-19 12:14:36', NULL),
(8, 48, '2024-09-19 12:14:40', NULL),
(9, 49, '2024-09-19 12:14:42', NULL),
(19, 103, '2024-10-03 20:56:02', NULL),
(20, 104, '2024-10-03 20:58:40', NULL),
(21, 106, '2024-10-03 21:06:05', NULL),
(22, 107, '2024-10-03 21:22:02', NULL),
(23, 108, '2024-10-03 21:22:16', NULL),
(24, 109, '2024-10-03 21:24:37', NULL),
(25, 110, '2024-10-03 21:26:56', NULL),
(26, 111, '2024-10-03 21:35:58', NULL),
(27, 112, '2024-10-03 21:44:42', NULL),
(28, 113, '2024-10-03 21:48:21', NULL),
(29, 114, '2024-10-03 21:56:05', NULL),
(30, 1, '2024-10-03 22:56:22', NULL),
(31, 6, '2024-10-03 23:10:42', NULL),
(32, 7, '2024-10-04 12:56:27', NULL),
(33, 5, '2024-10-04 12:58:58', NULL),
(34, 1, '2024-10-06 20:06:01', NULL),
(35, 64, '2024-10-25 13:36:11', NULL),
(36, 64, '2024-10-25 13:45:20', NULL),
(37, 65, '2024-10-25 13:45:56', NULL),
(38, 63, '2024-10-25 13:46:07', NULL),
(39, 33, '2024-10-25 13:48:20', NULL),
(40, 67, '2024-10-25 14:17:02', NULL),
(41, 68, '2024-10-25 14:30:22', NULL),
(42, 69, '2024-10-25 14:30:22', NULL),
(43, 68, '2024-10-25 14:31:13', NULL),
(44, 69, '2024-10-25 14:31:13', NULL),
(45, 70, '2024-10-25 14:31:34', NULL),
(46, 71, '2024-10-25 14:31:34', NULL),
(49, 73, '2024-10-25 14:37:31', NULL),
(50, 76, '2024-10-25 14:43:34', NULL),
(51, 1, '2024-10-25 14:58:21', NULL),
(52, 66, '2024-10-25 14:58:52', NULL),
(53, 80, '2024-10-25 14:58:56', NULL),
(54, 79, '2024-10-25 14:59:05', NULL),
(55, 78, '2024-10-25 14:59:09', NULL),
(56, 77, '2024-10-25 14:59:13', NULL),
(57, 77, '2024-10-25 14:59:18', NULL),
(58, 7, '2024-10-25 14:59:26', NULL),
(59, 8, '2024-10-25 14:59:30', NULL),
(60, 9, '2024-10-25 14:59:34', NULL),
(61, 10, '2024-10-25 14:59:38', NULL),
(62, 11, '2024-10-25 14:59:42', NULL),
(63, 12, '2024-10-25 14:59:46', NULL),
(64, 81, '2024-10-25 15:03:04', NULL),
(65, 68, '2024-10-25 15:03:27', NULL),
(66, 69, '2024-10-25 15:03:27', NULL),
(67, 70, '2024-10-25 15:03:27', NULL),
(68, 71, '2024-10-25 15:03:42', NULL),
(69, 73, '2024-10-25 15:03:42', NULL),
(70, 77, '2024-10-25 15:03:54', NULL),
(71, 78, '2024-10-25 15:03:54', NULL),
(72, 79, '2024-10-25 15:03:54', NULL),
(73, 80, '2024-10-25 15:03:54', NULL),
(74, 62, '2024-10-25 15:04:06', NULL),
(75, 82, '2024-10-25 15:05:50', NULL),
(78, 91, '2024-10-25 15:12:22', NULL),
(79, 94, '2024-10-25 15:17:15', NULL),
(80, 98, '2024-10-25 15:32:08', NULL),
(81, 97, '2024-10-25 15:32:34', NULL),
(82, 92, '2024-10-25 15:32:44', NULL),
(83, 93, '2024-10-25 15:32:44', NULL),
(84, 99, '2024-10-25 15:35:08', NULL),
(85, 101, '2024-10-25 15:41:20', NULL),
(86, 100, '2024-10-25 15:41:28', NULL),
(87, 105, '2024-10-25 15:46:02', NULL),
(88, 106, '2024-10-25 15:46:02', NULL),
(89, 108, '2024-10-27 11:09:06', NULL),
(90, 112, '2024-10-30 19:20:55', NULL),
(91, 115, '2024-10-31 12:40:59', NULL),
(92, 116, '2024-10-31 12:40:59', NULL);

-- --------------------------------------------------------

--
-- Table structure for table `enquiries`
--

CREATE TABLE `enquiries` (
  `enquiry_id` int(11) NOT NULL,
  `user_id` int(11) DEFAULT NULL,
  `name` varchar(255) DEFAULT NULL,
  `email` varchar(255) DEFAULT NULL,
  `message` text NOT NULL,
  `created_at` datetime DEFAULT current_timestamp(),
  `response` text DEFAULT NULL,
  `response_created_at` datetime DEFAULT NULL,
  `response_status` tinyint(4) DEFAULT 0
) ENGINE=InnoDB DEFAULT CHARSET=utf8mb4 COLLATE=utf8mb4_general_ci;

--
-- Dumping data for table `enquiries`
--

INSERT INTO `enquiries` (`enquiry_id`, `user_id`, `name`, `email`, `message`, `created_at`, `response`, `response_created_at`, `response_status`) VALUES
(1, 6, 'Alan', 'appujoshy8@gmail.com', 'sdasfd', '2024-11-01 18:10:20', 'dhdcsj', '2024-11-01 18:17:31', 1),
(2, 6, 'Alan', 'appujoshy8@gmail.com', 'what is this site', '2024-11-01 18:14:57', 'okey\r\n', '2024-11-01 18:26:33', 1),
(3, 6, 'Alan', 'appujoshy8@gmail.com', 'werrr', '2024-11-01 18:15:00', 'umm', '2024-11-01 18:25:15', 1),
(4, 6, 'Alan', 'appujoshy8@gmail.com', 'how is sail', '2024-11-01 18:49:39', 'jim', '2024-11-01 18:52:51', 1),
(5, 2, 'Deepak Joshy', 'deepakjoshy17@gmail.com', 'nice day', '2024-11-01 18:50:29', 'col', '2024-11-01 19:12:10', 1),
(6, 2, 'Deepak Joshy', 'deepakjoshy17@gmail.com', 'nice approach', '2024-11-03 10:51:59', NULL, NULL, 0),
(7, NULL, 'Deepak Joshy', 'deepakjoshy17@gmail.com', 'need to update ', '2024-11-03 11:21:33', NULL, NULL, 0),
(8, 2, 'Deepak Joshy', 'deepakjoshy17@gmail.com', 'improve design', '2024-11-08 14:37:34', 'we will ', '2024-11-08 14:47:02', 1);

-- --------------------------------------------------------

--
-- Table structure for table `payments`
--

CREATE TABLE `payments` (
  `payment_id` int(11) NOT NULL,
  `amount` decimal(10,2) NOT NULL,
  `payment_method` varchar(50) NOT NULL,
  `payment_status` varchar(50) NOT NULL DEFAULT 'Pending',
  `transaction_id` varchar(255) DEFAULT NULL
) ENGINE=InnoDB DEFAULT CHARSET=utf8mb4 COLLATE=utf8mb4_general_ci;

--
-- Dumping data for table `payments`
--

INSERT INTO `payments` (`payment_id`, `amount`, `payment_method`, `payment_status`, `transaction_id`) VALUES
(1, 75.00, 'Credit Card', 'Paid', NULL),
(2, 50.00, 'Credit Card', 'Paid', NULL),
(3, 45.00, 'Credit Card', 'Paid', NULL),
(4, 45.00, 'Credit Card', 'Paid', NULL),
(5, 24.00, 'Credit Card', 'Paid', NULL),
(6, 24.00, 'Credit Card', 'Paid', NULL),
(7, 56.00, 'Credit Card', 'Paid', NULL),
(8, 56.00, 'Credit Card', 'Paid', NULL),
(9, 12.00, 'Credit Card', 'Paid', NULL),
(10, 12.00, 'Credit Card', 'Paid', NULL),
(11, 25.00, 'Credit Card', 'Paid', NULL),
(12, 25.00, 'Credit Card', 'Paid', NULL),
(13, 25.00, 'Credit Card', 'Paid', NULL),
(14, 75.00, 'Credit Card', 'Paid', NULL),
(15, 24.00, 'Credit Card', 'Paid', NULL),
(16, 12.00, 'Credit Card', 'Paid', NULL),
(17, 24.00, 'Credit Card', 'Paid', NULL),
(18, 36.00, 'Credit Card', 'Paid', NULL),
(19, 36.00, 'Credit Card', 'Paid', NULL),
(20, 24.00, 'Credit Card', 'Paid', NULL),
(21, 24.00, 'Credit Card', 'Paid', NULL),
(22, 24.00, 'Credit Card', 'Paid', NULL),
(23, 12.00, 'Credit Card', 'Paid', NULL),
(24, 90.00, 'Credit Card', 'Paid', NULL),
(25, 36.00, 'Credit Card', 'Paid', NULL),
(26, 56.00, 'Credit Card', 'Paid', NULL),
(27, 12.00, 'Credit Card', 'Paid', NULL),
(28, 12.00, 'Credit Card', 'Paid', NULL),
(29, 12.00, 'Credit Card', 'Paid', NULL),
(30, 12.00, 'Credit Card', 'Paid', NULL),
(31, 12.00, 'Credit Card', 'Paid', NULL),
(32, 12.00, 'Credit Card', 'Paid', NULL),
(33, 12.00, 'Credit Card', 'Paid', NULL),
(34, 12.00, 'Credit Card', 'Paid', NULL),
(35, 12.00, 'Credit Card', 'Paid', NULL),
(36, 12.00, 'Credit Card', 'Paid', NULL),
(37, 12.00, 'Credit Card', 'Paid', NULL),
(38, 12.00, 'Credit Card', 'Paid', NULL),
(39, 12.00, 'Credit Card', 'Paid', NULL),
(40, 12.00, 'Credit Card', 'Paid', NULL),
(41, 12.00, 'Credit Card', 'Paid', NULL),
(42, 12.00, 'Credit Card', 'Paid', NULL),
(43, 28.00, 'Credit Card', 'Paid', NULL),
(44, 21.00, 'Credit Card', 'Paid', NULL),
(45, 12.00, 'Credit Card', 'Paid', NULL),
(46, 56.00, 'Credit Card', 'Paid', NULL),
(47, 24.00, 'Credit Card', 'Paid', NULL),
(48, 12.00, 'Credit Card', 'Paid', NULL),
(49, 12.00, 'Credit Card', 'Paid', NULL),
(50, 12.00, 'Credit Card', 'Paid', NULL),
(51, 12.00, 'Credit Card', 'Paid', NULL),
(52, 25.00, 'Credit Card', 'Paid', NULL),
(53, 50.00, 'Credit Card', 'Paid', NULL),
(54, 25.00, 'Credit Card', 'Paid', NULL),
(55, 25.00, 'Credit Card', 'Paid', NULL),
(56, 175.00, 'Credit Card', 'Paid', NULL),
(57, 125.00, 'Credit Card', 'Paid', NULL),
(58, 12.00, 'Credit Card', 'Paid', NULL),
(59, 100.00, 'Credit Card', 'Paid', NULL),
(60, 75.00, 'Credit Card', 'Paid', NULL),
(61, 12.00, 'Credit Card', 'Paid', NULL),
(62, 25.00, 'Credit Card', 'Paid', NULL),
(63, 25.00, 'Credit Card', 'Paid', NULL),
(64, 25.00, 'Credit Card', 'Paid', NULL),
(65, 50.00, 'Credit Card', 'Paid', NULL),
(66, 25.00, 'Credit Card', 'Paid', NULL),
(67, 75.00, 'Credit Card', 'Paid', NULL),
(68, 50.00, 'Credit Card', 'Paid', NULL),
(69, 45.00, 'Credit Card', 'Paid', NULL),
(70, 36.00, 'Credit Card', 'Paid', NULL),
(71, 25.00, 'Credit Card', 'Paid', NULL),
(72, 12.00, 'Credit Card', 'Paid', NULL),
(73, 25.00, 'Credit Card', 'Paid', NULL),
(74, 37.50, 'Credit Card', 'Paid', NULL),
(75, 100.00, 'Credit Card', 'Paid', NULL),
(76, 37.50, 'Credit Card', 'Paid', NULL),
(77, 150.00, 'Credit Card', 'Paid', NULL),
(78, 75.00, 'Credit Card', 'Paid', NULL),
(79, 150.00, 'Credit Card', 'Paid', NULL),
(80, 37.50, 'Credit Card', 'Paid', NULL),
(81, 50.00, 'Credit Card', 'Paid', NULL),
(82, 37.50, 'Credit Card', 'Paid', NULL),
(83, 112.50, 'Credit Card', 'Paid', NULL),
(84, 37.50, 'Credit Card', 'Paid', NULL),
(85, 37.50, 'Credit Card', 'Paid', NULL),
(86, 112.50, 'Credit Card', 'Paid', NULL),
(87, 37.50, 'Credit Card', 'Paid', NULL),
(88, 112.50, 'Credit Card', 'Paid', NULL),
(89, 112.50, 'Credit Card', 'Paid', NULL),
(90, 25.00, 'Credit Card', 'Paid', NULL),
(91, 100.00, 'Credit Card', 'Paid', NULL),
(92, 75.00, 'Credit Card', 'Paid', NULL),
(93, 75.00, 'Credit Card', 'Paid', NULL),
(94, 75.00, 'Credit Card', 'Paid', NULL),
(95, 25.00, 'Credit Card', 'Paid', NULL),
(96, 75.00, 'Credit Card', 'Paid', NULL),
(97, 37.50, 'Credit Card', 'Paid', NULL),
(98, 75.00, 'Credit Card', 'Paid', NULL),
(99, 75.00, 'Credit Card', 'Paid', NULL),
(100, 37.50, 'Credit Card', 'Paid', NULL),
(101, 37.50, 'Credit Card', 'Paid', NULL),
(102, 100.00, 'Credit Card', 'Paid', NULL),
(103, 50.00, 'Credit Card', 'Paid', NULL),
(104, 50.00, 'Credit Card', 'Paid', NULL),
(105, 50.00, 'Credit Card', 'Paid', NULL),
(106, 50.00, 'Credit Card', 'Paid', NULL),
(107, 50.00, 'Credit Card', 'Paid', NULL),
(108, 50.00, 'Credit Card', 'Paid', NULL),
(109, 50.00, 'Credit Card', 'Paid', NULL),
(110, 25.00, 'Credit Card', 'Paid', NULL),
(111, 25.00, 'Credit Card', 'Paid', NULL),
(112, 50.00, 'Credit Card', 'Paid', NULL),
(113, 50.00, 'Credit Card', 'Paid', NULL),
(114, 25.00, 'Credit Card', 'Paid', NULL),
(115, 25.00, 'Credit Card', 'Paid', NULL),
(116, 25.00, 'Credit Card', 'Paid', NULL),
(117, 25.00, 'Credit Card', 'Paid', NULL),
(118, 25.00, 'Credit Card', 'Paid', NULL),
(119, 25.00, 'Credit Card', 'Paid', NULL),
(120, 25.00, 'Credit Card', 'Paid', NULL),
(121, 25.00, 'Credit Card', 'Paid', NULL),
(122, 25.00, 'Credit Card', 'Paid', NULL),
(123, 25.00, 'Credit Card', 'Paid', NULL),
(124, 25.00, 'Credit Card', 'Paid', NULL),
(125, 25.00, 'Credit Card', 'Paid', NULL),
(126, 12.50, 'Credit Card', 'Paid', NULL),
(127, 12.50, 'Credit Card', 'Paid', NULL),
(128, 25.00, 'Credit Card', 'Paid', NULL),
(129, 150.00, 'Credit Card', 'Paid', NULL),
(130, 12.50, 'Credit Card', 'Paid', NULL),
(131, 250.00, 'Credit Card', 'Paid', NULL),
(132, 50.00, 'Credit Card', 'Paid', NULL),
(133, 100.00, 'Credit Card', 'Paid', NULL),
(134, 25.00, 'Credit Card', 'Paid', NULL);

-- --------------------------------------------------------

--
-- Table structure for table `routes`
--

CREATE TABLE `routes` (
  `route_id` int(11) NOT NULL,
  `route_name` varchar(255) NOT NULL,
  `start_location` varchar(255) NOT NULL,
  `end_location` varchar(255) NOT NULL
) ENGINE=InnoDB DEFAULT CHARSET=utf8mb4 COLLATE=utf8mb4_general_ci;

--
-- Dumping data for table `routes`
--

INSERT INTO `routes` (`route_id`, `route_name`, `start_location`, `end_location`) VALUES
(1, 'Lakesid', 'Lake A', 'Lake H'),
(2, 'Coastal', 'Coast A', 'Coast D');

-- --------------------------------------------------------

--
-- Table structure for table `route_stops`
--

CREATE TABLE `route_stops` (
  `stop_id` int(11) NOT NULL,
  `route_id` int(11) NOT NULL,
  `location` varchar(255) NOT NULL,
  `stop_order` int(11) NOT NULL,
  `km` decimal(6,2) NOT NULL DEFAULT 0.00
) ENGINE=InnoDB DEFAULT CHARSET=utf8mb4 COLLATE=utf8mb4_general_ci;

--
-- Dumping data for table `route_stops`
--

INSERT INTO `route_stops` (`stop_id`, `route_id`, `location`, `stop_order`, `km`) VALUES
(6, 1, 'Lake A', 1, 0.00),
(7, 1, 'Lake B', 2, 2.00),
(8, 1, 'Lake C', 3, 5.00),
(9, 1, 'Lake D', 4, 10.00),
(12, 1, 'Lake E', 5, 15.00),
(13, 1, 'Lake F', 6, 20.00),
(14, 1, 'Lake G', 7, 25.00),
(15, 1, 'Lake G', 7, 25.00),
(16, 2, 'Coast A', 1, 0.50);

-- --------------------------------------------------------

--
-- Table structure for table `route_stop_times`
--

CREATE TABLE `route_stop_times` (
  `route_id` int(11) NOT NULL,
  `stop_id` int(11) NOT NULL,
  `arrival_time` time DEFAULT NULL
) ENGINE=InnoDB DEFAULT CHARSET=utf8mb4 COLLATE=utf8mb4_general_ci;

--
-- Dumping data for table `route_stop_times`
--

INSERT INTO `route_stop_times` (`route_id`, `stop_id`, `arrival_time`) VALUES
(1, 6, '00:00:00'),
(1, 7, '00:30:00'),
(1, 8, '00:50:00'),
(1, 9, '01:40:00'),
(1, 10, '01:40:00'),
(1, 12, '02:30:00'),
(1, 13, '03:20:00'),
(1, 14, '04:10:00'),
(1, 15, '04:10:00'),
(2, 16, '00:05:00');

-- --------------------------------------------------------

--
-- Table structure for table `schedules`
--

CREATE TABLE `schedules` (
  `schedule_id` int(11) NOT NULL,
  `boat_id` int(11) NOT NULL,
  `route_id` int(11) NOT NULL,
  `departure_time` datetime NOT NULL,
  `arrival_time` datetime NOT NULL,
  `status` varchar(50) NOT NULL DEFAULT 'Scheduled'
) ENGINE=InnoDB DEFAULT CHARSET=utf8mb4 COLLATE=utf8mb4_general_ci;

--
-- Dumping data for table `schedules`
--

INSERT INTO `schedules` (`schedule_id`, `boat_id`, `route_id`, `departure_time`, `arrival_time`, `status`) VALUES
(366, 1, 1, '2024-11-01 20:05:00', '2024-11-01 23:05:00', 'Scheduled'),
(367, 1, 1, '2024-11-03 10:10:00', '2024-11-03 13:10:00', 'Scheduled'),
(368, 1, 1, '2024-11-03 13:21:00', '2024-11-03 15:21:00', 'Scheduled'),
(369, 1, 1, '2024-11-03 05:00:00', '2024-11-03 08:00:00', 'Scheduled'),
(370, 1, 1, '2024-11-04 05:00:00', '2024-11-04 08:00:00', 'Scheduled'),
(371, 1, 1, '2024-11-05 05:00:00', '2024-11-05 08:00:00', 'Scheduled'),
(372, 1, 1, '2024-11-06 05:00:00', '2024-11-06 08:00:00', 'Scheduled'),
(373, 1, 1, '2024-11-07 05:00:00', '2024-11-07 08:00:00', 'Scheduled'),
(374, 1, 1, '2024-11-08 05:00:00', '2024-11-08 08:00:00', 'Scheduled'),
(375, 1, 1, '2024-11-09 05:00:00', '2024-11-09 08:00:00', 'Scheduled'),
(376, 1, 1, '2024-11-10 05:00:00', '2024-11-10 08:00:00', 'Scheduled'),
(377, 1, 1, '2024-11-11 05:00:00', '2024-11-11 08:00:00', 'Scheduled'),
(378, 1, 1, '2024-11-12 05:00:00', '2024-11-12 08:00:00', 'Scheduled'),
(379, 1, 1, '2024-11-13 05:00:00', '2024-11-13 08:00:00', 'Scheduled'),
(380, 1, 1, '2024-11-14 05:00:00', '2024-11-14 08:00:00', 'Scheduled'),
(381, 1, 1, '2024-11-15 05:00:00', '2024-11-15 08:00:00', 'Scheduled'),
(382, 1, 1, '2024-11-16 05:00:00', '2024-11-16 08:00:00', 'Scheduled'),
(383, 1, 1, '2024-11-17 05:00:00', '2024-11-17 08:00:00', 'Scheduled'),
(384, 1, 1, '2024-11-18 05:00:00', '2024-11-18 08:00:00', 'Scheduled'),
(385, 1, 1, '2024-11-19 05:00:00', '2024-11-19 08:00:00', 'Scheduled'),
(386, 1, 1, '2024-11-20 05:00:00', '2024-11-20 08:00:00', 'Scheduled'),
(387, 1, 1, '2024-11-21 05:00:00', '2024-11-21 08:00:00', 'Scheduled'),
(388, 1, 1, '2024-11-22 05:00:00', '2024-11-22 08:00:00', 'Scheduled'),
(389, 1, 1, '2024-11-23 05:00:00', '2024-11-23 08:00:00', 'Scheduled'),
(390, 1, 1, '2024-11-24 05:00:00', '2024-11-24 08:00:00', 'Scheduled'),
(391, 1, 1, '2024-11-25 05:00:00', '2024-11-25 08:00:00', 'Scheduled'),
(392, 1, 1, '2024-11-26 05:00:00', '2024-11-26 08:00:00', 'Scheduled'),
(393, 1, 1, '2024-11-27 05:00:00', '2024-11-27 08:00:00', 'Scheduled'),
(394, 1, 1, '2024-11-28 05:00:00', '2024-11-28 08:00:00', 'Scheduled'),
(395, 1, 1, '2024-11-29 05:00:00', '2024-11-29 08:00:00', 'Scheduled'),
(396, 1, 1, '2024-11-30 05:00:00', '2024-11-30 08:00:00', 'Scheduled'),
(397, 1, 1, '2024-12-01 05:00:00', '2024-12-01 08:00:00', 'Scheduled'),
(398, 1, 1, '2024-12-02 05:00:00', '2024-12-02 08:00:00', 'Scheduled'),
(399, 1, 1, '2024-12-03 05:00:00', '2024-12-03 08:00:00', 'Scheduled'),
(400, 1, 1, '2024-12-04 05:00:00', '2024-12-04 08:00:00', 'Scheduled'),
(401, 1, 1, '2024-12-05 05:00:00', '2024-12-05 08:00:00', 'Scheduled'),
(402, 1, 1, '2024-12-06 05:00:00', '2024-12-06 08:00:00', 'Scheduled'),
(403, 1, 1, '2024-12-07 05:00:00', '2024-12-07 08:00:00', 'Scheduled'),
(404, 1, 1, '2024-12-08 05:00:00', '2024-12-08 08:00:00', 'Scheduled'),
(405, 1, 1, '2024-12-09 05:00:00', '2024-12-09 08:00:00', 'Scheduled'),
(406, 1, 1, '2024-12-10 05:00:00', '2024-12-10 08:00:00', 'Scheduled'),
(407, 1, 1, '2024-12-11 05:00:00', '2024-12-11 08:00:00', 'Scheduled'),
(408, 1, 1, '2024-12-12 05:00:00', '2024-12-12 08:00:00', 'Scheduled'),
(409, 1, 1, '2024-12-13 05:00:00', '2024-12-13 08:00:00', 'Scheduled'),
(410, 1, 1, '2024-12-14 05:00:00', '2024-12-14 08:00:00', 'Scheduled'),
(411, 1, 1, '2024-12-15 05:00:00', '2024-12-15 08:00:00', 'Scheduled'),
(412, 1, 1, '2024-12-16 05:00:00', '2024-12-16 08:00:00', 'Scheduled'),
(413, 1, 1, '2024-12-17 05:00:00', '2024-12-17 08:00:00', 'Scheduled'),
(414, 1, 1, '2024-12-18 05:00:00', '2024-12-18 08:00:00', 'Scheduled'),
(415, 1, 1, '2024-12-19 05:00:00', '2024-12-19 08:00:00', 'Scheduled'),
(416, 1, 1, '2024-12-20 05:00:00', '2024-12-20 08:00:00', 'Scheduled'),
(417, 1, 1, '2024-12-21 05:00:00', '2024-12-21 08:00:00', 'Scheduled'),
(418, 1, 1, '2024-12-22 05:00:00', '2024-12-22 08:00:00', 'Scheduled'),
(419, 1, 1, '2024-12-23 05:00:00', '2024-12-23 08:00:00', 'Scheduled'),
(420, 1, 1, '2024-12-24 05:00:00', '2024-12-24 08:00:00', 'Scheduled'),
(421, 1, 1, '2024-12-25 05:00:00', '2024-12-25 08:00:00', 'Scheduled'),
(422, 1, 1, '2024-12-26 05:00:00', '2024-12-26 08:00:00', 'Scheduled'),
(423, 1, 1, '2024-12-27 05:00:00', '2024-12-27 08:00:00', 'Scheduled'),
(424, 1, 1, '2024-12-28 05:00:00', '2024-12-28 08:00:00', 'Scheduled'),
(425, 1, 1, '2024-12-29 05:00:00', '2024-12-29 08:00:00', 'Scheduled'),
(426, 1, 1, '2024-12-30 05:00:00', '2024-12-30 08:00:00', 'Scheduled'),
(427, 1, 1, '2024-12-31 05:00:00', '2024-12-31 08:00:00', 'Scheduled'),
(428, 1, 1, '2025-01-01 05:00:00', '2025-01-01 08:00:00', 'Scheduled'),
(429, 1, 1, '2025-01-02 05:00:00', '2025-01-02 08:00:00', 'Scheduled'),
(430, 1, 1, '2025-01-03 05:00:00', '2025-01-03 08:00:00', 'Scheduled'),
(431, 1, 1, '2025-01-04 05:00:00', '2025-01-04 08:00:00', 'Scheduled'),
(432, 1, 1, '2025-01-05 05:00:00', '2025-01-05 08:00:00', 'Scheduled'),
(433, 1, 1, '2025-01-06 05:00:00', '2025-01-06 08:00:00', 'Scheduled'),
(434, 1, 1, '2025-01-07 05:00:00', '2025-01-07 08:00:00', 'Scheduled'),
(435, 1, 1, '2025-01-08 05:00:00', '2025-01-08 08:00:00', 'Scheduled'),
(436, 1, 1, '2025-01-09 05:00:00', '2025-01-09 08:00:00', 'Scheduled'),
(437, 1, 1, '2025-01-10 05:00:00', '2025-01-10 08:00:00', 'Scheduled'),
(438, 1, 1, '2025-01-11 05:00:00', '2025-01-11 08:00:00', 'Scheduled'),
(439, 1, 1, '2025-01-12 05:00:00', '2025-01-12 08:00:00', 'Scheduled'),
(440, 1, 1, '2025-01-13 05:00:00', '2025-01-13 08:00:00', 'Scheduled'),
(441, 1, 1, '2025-01-14 05:00:00', '2025-01-14 08:00:00', 'Scheduled'),
(442, 1, 1, '2025-01-15 05:00:00', '2025-01-15 08:00:00', 'Scheduled'),
(443, 1, 1, '2025-01-16 05:00:00', '2025-01-16 08:00:00', 'Scheduled'),
(444, 1, 1, '2025-01-17 05:00:00', '2025-01-17 08:00:00', 'Scheduled'),
(445, 1, 1, '2025-01-18 05:00:00', '2025-01-18 08:00:00', 'Scheduled'),
(446, 1, 1, '2025-01-19 05:00:00', '2025-01-19 08:00:00', 'Scheduled'),
(447, 1, 1, '2025-01-20 05:00:00', '2025-01-20 08:00:00', 'Scheduled'),
(448, 1, 1, '2025-01-21 05:00:00', '2025-01-21 08:00:00', 'Scheduled'),
(449, 1, 1, '2025-01-22 05:00:00', '2025-01-22 08:00:00', 'Scheduled'),
(450, 1, 1, '2025-01-23 05:00:00', '2025-01-23 08:00:00', 'Scheduled'),
(451, 1, 1, '2025-01-24 05:00:00', '2025-01-24 08:00:00', 'Scheduled'),
(452, 1, 1, '2025-01-25 05:00:00', '2025-01-25 08:00:00', 'Scheduled'),
(453, 1, 1, '2025-01-26 05:00:00', '2025-01-26 08:00:00', 'Scheduled'),
(454, 1, 1, '2025-01-27 05:00:00', '2025-01-27 08:00:00', 'Scheduled'),
(455, 1, 1, '2025-01-28 05:00:00', '2025-01-28 08:00:00', 'Scheduled'),
(456, 1, 1, '2025-01-29 05:00:00', '2025-01-29 08:00:00', 'Scheduled'),
(457, 1, 1, '2025-01-30 05:00:00', '2025-01-30 08:00:00', 'Scheduled'),
(458, 1, 1, '2025-01-31 05:00:00', '2025-01-31 08:00:00', 'Scheduled'),
(459, 1, 1, '2025-02-01 05:00:00', '2025-02-01 08:00:00', 'Scheduled'),
(460, 1, 1, '2025-02-02 05:00:00', '2025-02-02 08:00:00', 'Scheduled'),
(461, 1, 1, '2025-02-03 05:00:00', '2025-02-03 08:00:00', 'Scheduled'),
(462, 1, 1, '2025-02-04 05:00:00', '2025-02-04 08:00:00', 'Scheduled'),
(463, 1, 1, '2025-02-05 05:00:00', '2025-02-05 08:00:00', 'Scheduled'),
(464, 1, 1, '2025-02-06 05:00:00', '2025-02-06 08:00:00', 'Scheduled'),
(465, 1, 1, '2025-02-07 05:00:00', '2025-02-07 08:00:00', 'Scheduled'),
(466, 1, 1, '2025-02-08 05:00:00', '2025-02-08 08:00:00', 'Scheduled'),
(467, 1, 1, '2025-02-09 05:00:00', '2025-02-09 08:00:00', 'Scheduled'),
(468, 1, 1, '2025-02-10 05:00:00', '2025-02-10 08:00:00', 'Scheduled'),
(469, 1, 1, '2025-02-11 05:00:00', '2025-02-11 08:00:00', 'Scheduled'),
(470, 1, 1, '2025-02-12 05:00:00', '2025-02-12 08:00:00', 'Scheduled'),
(471, 1, 1, '2025-02-13 05:00:00', '2025-02-13 08:00:00', 'Scheduled'),
(472, 1, 1, '2025-02-14 05:00:00', '2025-02-14 08:00:00', 'Scheduled'),
(473, 1, 1, '2025-02-15 05:00:00', '2025-02-15 08:00:00', 'Scheduled'),
(474, 1, 1, '2025-02-16 05:00:00', '2025-02-16 08:00:00', 'Scheduled'),
(475, 1, 1, '2025-02-17 05:00:00', '2025-02-17 08:00:00', 'Scheduled'),
(476, 1, 1, '2025-02-18 05:00:00', '2025-02-18 08:00:00', 'Scheduled'),
(477, 1, 1, '2025-02-19 05:00:00', '2025-02-19 08:00:00', 'Scheduled'),
(478, 1, 1, '2025-02-20 05:00:00', '2025-02-20 08:00:00', 'Scheduled'),
(479, 1, 1, '2025-02-21 05:00:00', '2025-02-21 08:00:00', 'Scheduled'),
(480, 1, 1, '2025-02-22 05:00:00', '2025-02-22 08:00:00', 'Scheduled'),
(481, 1, 1, '2025-02-23 05:00:00', '2025-02-23 08:00:00', 'Scheduled'),
(482, 1, 1, '2025-02-24 05:00:00', '2025-02-24 08:00:00', 'Scheduled'),
(483, 1, 1, '2025-02-25 05:00:00', '2025-02-25 08:00:00', 'Scheduled'),
(484, 1, 1, '2025-02-26 05:00:00', '2025-02-26 08:00:00', 'Scheduled'),
(485, 1, 1, '2025-02-27 05:00:00', '2025-02-27 08:00:00', 'Scheduled'),
(486, 1, 1, '2025-02-28 05:00:00', '2025-02-28 08:00:00', 'Scheduled'),
(487, 1, 1, '2025-03-01 05:00:00', '2025-03-01 08:00:00', 'Scheduled'),
(488, 1, 1, '2025-03-02 05:00:00', '2025-03-02 08:00:00', 'Scheduled'),
(489, 1, 1, '2025-03-03 05:00:00', '2025-03-03 08:00:00', 'Scheduled'),
(490, 1, 1, '2025-03-04 05:00:00', '2025-03-04 08:00:00', 'Scheduled'),
(491, 1, 1, '2025-03-05 05:00:00', '2025-03-05 08:00:00', 'Scheduled'),
(492, 1, 1, '2025-03-06 05:00:00', '2025-03-06 08:00:00', 'Scheduled'),
(493, 1, 1, '2025-03-07 05:00:00', '2025-03-07 08:00:00', 'Scheduled'),
(494, 1, 1, '2025-03-08 05:00:00', '2025-03-08 08:00:00', 'Scheduled'),
(495, 1, 1, '2025-03-09 05:00:00', '2025-03-09 08:00:00', 'Scheduled'),
(496, 1, 1, '2025-03-10 05:00:00', '2025-03-10 08:00:00', 'Scheduled'),
(497, 1, 1, '2025-03-11 05:00:00', '2025-03-11 08:00:00', 'Scheduled'),
(498, 1, 1, '2025-03-12 05:00:00', '2025-03-12 08:00:00', 'Scheduled'),
(499, 1, 1, '2025-03-13 05:00:00', '2025-03-13 08:00:00', 'Scheduled'),
(500, 1, 1, '2025-03-14 05:00:00', '2025-03-14 08:00:00', 'Scheduled'),
(501, 1, 1, '2025-03-15 05:00:00', '2025-03-15 08:00:00', 'Scheduled'),
(502, 1, 1, '2025-03-16 05:00:00', '2025-03-16 08:00:00', 'Scheduled'),
(503, 1, 1, '2025-03-17 05:00:00', '2025-03-17 08:00:00', 'Scheduled'),
(504, 1, 1, '2025-03-18 05:00:00', '2025-03-18 08:00:00', 'Scheduled'),
(505, 1, 1, '2025-03-19 05:00:00', '2025-03-19 08:00:00', 'Scheduled'),
(506, 1, 1, '2025-03-20 05:00:00', '2025-03-20 08:00:00', 'Scheduled'),
(507, 1, 1, '2025-03-21 05:00:00', '2025-03-21 08:00:00', 'Scheduled'),
(508, 1, 1, '2025-03-22 05:00:00', '2025-03-22 08:00:00', 'Scheduled'),
(509, 1, 1, '2025-03-23 05:00:00', '2025-03-23 08:00:00', 'Scheduled'),
(510, 1, 1, '2025-03-24 05:00:00', '2025-03-24 08:00:00', 'Scheduled'),
(511, 1, 1, '2025-03-25 05:00:00', '2025-03-25 08:00:00', 'Scheduled'),
(512, 1, 1, '2025-03-26 05:00:00', '2025-03-26 08:00:00', 'Scheduled'),
(513, 1, 1, '2025-03-27 05:00:00', '2025-03-27 08:00:00', 'Scheduled'),
(514, 1, 1, '2025-03-28 05:00:00', '2025-03-28 08:00:00', 'Scheduled'),
(515, 1, 1, '2025-03-29 05:00:00', '2025-03-29 08:00:00', 'Scheduled'),
(516, 1, 1, '2025-03-30 05:00:00', '2025-03-30 08:00:00', 'Scheduled'),
(517, 1, 1, '2025-03-31 05:00:00', '2025-03-31 08:00:00', 'Scheduled'),
(518, 1, 1, '2025-04-01 05:00:00', '2025-04-01 08:00:00', 'Scheduled'),
(519, 1, 1, '2025-04-02 05:00:00', '2025-04-02 08:00:00', 'Scheduled'),
(520, 1, 1, '2025-04-03 05:00:00', '2025-04-03 08:00:00', 'Scheduled'),
(521, 1, 1, '2025-04-04 05:00:00', '2025-04-04 08:00:00', 'Scheduled'),
(522, 1, 1, '2025-04-05 05:00:00', '2025-04-05 08:00:00', 'Scheduled'),
(523, 1, 1, '2025-04-06 05:00:00', '2025-04-06 08:00:00', 'Scheduled'),
(524, 1, 1, '2025-04-07 05:00:00', '2025-04-07 08:00:00', 'Scheduled'),
(525, 1, 1, '2025-04-08 05:00:00', '2025-04-08 08:00:00', 'Scheduled'),
(526, 1, 1, '2025-04-09 05:00:00', '2025-04-09 08:00:00', 'Scheduled'),
(527, 1, 1, '2025-04-10 05:00:00', '2025-04-10 08:00:00', 'Scheduled'),
(528, 1, 1, '2025-04-11 05:00:00', '2025-04-11 08:00:00', 'Scheduled'),
(529, 1, 1, '2025-04-12 05:00:00', '2025-04-12 08:00:00', 'Scheduled'),
(530, 1, 1, '2025-04-13 05:00:00', '2025-04-13 08:00:00', 'Scheduled'),
(531, 1, 1, '2025-04-14 05:00:00', '2025-04-14 08:00:00', 'Scheduled'),
(532, 1, 1, '2025-04-15 05:00:00', '2025-04-15 08:00:00', 'Scheduled'),
(533, 1, 1, '2025-04-16 05:00:00', '2025-04-16 08:00:00', 'Scheduled'),
(534, 1, 1, '2025-04-17 05:00:00', '2025-04-17 08:00:00', 'Scheduled'),
(535, 1, 1, '2025-04-18 05:00:00', '2025-04-18 08:00:00', 'Scheduled'),
(536, 1, 1, '2025-04-19 05:00:00', '2025-04-19 08:00:00', 'Scheduled'),
(537, 1, 1, '2025-04-20 05:00:00', '2025-04-20 08:00:00', 'Scheduled'),
(538, 1, 1, '2025-04-21 05:00:00', '2025-04-21 08:00:00', 'Scheduled'),
(539, 1, 1, '2025-04-22 05:00:00', '2025-04-22 08:00:00', 'Scheduled'),
(540, 1, 1, '2025-04-23 05:00:00', '2025-04-23 08:00:00', 'Scheduled'),
(541, 1, 1, '2025-04-24 05:00:00', '2025-04-24 08:00:00', 'Scheduled'),
(542, 1, 1, '2025-04-25 05:00:00', '2025-04-25 08:00:00', 'Scheduled'),
(543, 1, 1, '2025-04-26 05:00:00', '2025-04-26 08:00:00', 'Scheduled'),
(544, 1, 1, '2025-04-27 05:00:00', '2025-04-27 08:00:00', 'Scheduled'),
(545, 1, 1, '2025-04-28 05:00:00', '2025-04-28 08:00:00', 'Scheduled'),
(546, 1, 1, '2025-04-29 05:00:00', '2025-04-29 08:00:00', 'Scheduled'),
(547, 1, 1, '2025-04-30 05:00:00', '2025-04-30 08:00:00', 'Scheduled'),
(548, 1, 1, '2025-05-01 05:00:00', '2025-05-01 08:00:00', 'Scheduled'),
(549, 1, 1, '2025-05-02 05:00:00', '2025-05-02 08:00:00', 'Scheduled'),
(550, 1, 1, '2025-05-03 05:00:00', '2025-05-03 08:00:00', 'Scheduled'),
(551, 1, 1, '2025-05-04 05:00:00', '2025-05-04 08:00:00', 'Scheduled'),
(552, 1, 1, '2025-05-05 05:00:00', '2025-05-05 08:00:00', 'Scheduled'),
(553, 1, 1, '2025-05-06 05:00:00', '2025-05-06 08:00:00', 'Scheduled'),
(554, 1, 1, '2025-05-07 05:00:00', '2025-05-07 08:00:00', 'Scheduled'),
(555, 1, 1, '2025-05-08 05:00:00', '2025-05-08 08:00:00', 'Scheduled'),
(556, 1, 1, '2025-05-09 05:00:00', '2025-05-09 08:00:00', 'Scheduled'),
(557, 1, 1, '2025-05-10 05:00:00', '2025-05-10 08:00:00', 'Scheduled'),
(558, 1, 1, '2025-05-11 05:00:00', '2025-05-11 08:00:00', 'Scheduled'),
(559, 1, 1, '2025-05-12 05:00:00', '2025-05-12 08:00:00', 'Scheduled'),
(560, 1, 1, '2025-05-13 05:00:00', '2025-05-13 08:00:00', 'Scheduled'),
(561, 1, 1, '2025-05-14 05:00:00', '2025-05-14 08:00:00', 'Scheduled'),
(562, 1, 1, '2025-05-15 05:00:00', '2025-05-15 08:00:00', 'Scheduled'),
(563, 1, 1, '2025-05-16 05:00:00', '2025-05-16 08:00:00', 'Scheduled'),
(564, 1, 1, '2025-05-17 05:00:00', '2025-05-17 08:00:00', 'Scheduled'),
(565, 1, 1, '2025-05-18 05:00:00', '2025-05-18 08:00:00', 'Scheduled'),
(566, 1, 1, '2025-05-19 05:00:00', '2025-05-19 08:00:00', 'Scheduled'),
(567, 1, 1, '2025-05-20 05:00:00', '2025-05-20 08:00:00', 'Scheduled'),
(568, 1, 1, '2025-05-21 05:00:00', '2025-05-21 08:00:00', 'Scheduled'),
(569, 1, 1, '2025-05-22 05:00:00', '2025-05-22 08:00:00', 'Scheduled'),
(570, 1, 1, '2025-05-23 05:00:00', '2025-05-23 08:00:00', 'Scheduled'),
(571, 1, 1, '2025-05-24 05:00:00', '2025-05-24 08:00:00', 'Scheduled'),
(572, 1, 1, '2025-05-25 05:00:00', '2025-05-25 08:00:00', 'Scheduled'),
(573, 1, 1, '2025-05-26 05:00:00', '2025-05-26 08:00:00', 'Scheduled'),
(574, 1, 1, '2025-05-27 05:00:00', '2025-05-27 08:00:00', 'Scheduled'),
(575, 1, 1, '2025-05-28 05:00:00', '2025-05-28 08:00:00', 'Scheduled'),
(576, 1, 1, '2025-05-29 05:00:00', '2025-05-29 08:00:00', 'Scheduled'),
(577, 1, 1, '2025-05-30 05:00:00', '2025-05-30 08:00:00', 'Scheduled'),
(578, 1, 1, '2025-05-31 05:00:00', '2025-05-31 08:00:00', 'Scheduled'),
(579, 1, 1, '2025-06-01 05:00:00', '2025-06-01 08:00:00', 'Scheduled'),
(580, 1, 1, '2025-06-02 05:00:00', '2025-06-02 08:00:00', 'Scheduled'),
(581, 1, 1, '2025-06-03 05:00:00', '2025-06-03 08:00:00', 'Scheduled'),
(582, 1, 1, '2025-06-04 05:00:00', '2025-06-04 08:00:00', 'Scheduled'),
(583, 1, 1, '2025-06-05 05:00:00', '2025-06-05 08:00:00', 'Scheduled'),
(584, 1, 1, '2025-06-06 05:00:00', '2025-06-06 08:00:00', 'Scheduled'),
(585, 1, 1, '2025-06-07 05:00:00', '2025-06-07 08:00:00', 'Scheduled'),
(586, 1, 1, '2025-06-08 05:00:00', '2025-06-08 08:00:00', 'Scheduled'),
(587, 1, 1, '2025-06-09 05:00:00', '2025-06-09 08:00:00', 'Scheduled'),
(588, 1, 1, '2025-06-10 05:00:00', '2025-06-10 08:00:00', 'Scheduled'),
(589, 1, 1, '2025-06-11 05:00:00', '2025-06-11 08:00:00', 'Scheduled'),
(590, 1, 1, '2025-06-12 05:00:00', '2025-06-12 08:00:00', 'Scheduled'),
(591, 1, 1, '2025-06-13 05:00:00', '2025-06-13 08:00:00', 'Scheduled'),
(592, 1, 1, '2025-06-14 05:00:00', '2025-06-14 08:00:00', 'Scheduled'),
(593, 1, 1, '2025-06-15 05:00:00', '2025-06-15 08:00:00', 'Scheduled'),
(594, 1, 1, '2025-06-16 05:00:00', '2025-06-16 08:00:00', 'Scheduled'),
(595, 1, 1, '2025-06-17 05:00:00', '2025-06-17 08:00:00', 'Scheduled'),
(596, 1, 1, '2025-06-18 05:00:00', '2025-06-18 08:00:00', 'Scheduled'),
(597, 1, 1, '2025-06-19 05:00:00', '2025-06-19 08:00:00', 'Scheduled'),
(598, 1, 1, '2025-06-20 05:00:00', '2025-06-20 08:00:00', 'Scheduled'),
(599, 1, 1, '2025-06-21 05:00:00', '2025-06-21 08:00:00', 'Scheduled'),
(600, 1, 1, '2025-06-22 05:00:00', '2025-06-22 08:00:00', 'Scheduled'),
(601, 1, 1, '2025-06-23 05:00:00', '2025-06-23 08:00:00', 'Scheduled'),
(602, 1, 1, '2025-06-24 05:00:00', '2025-06-24 08:00:00', 'Scheduled'),
(603, 1, 1, '2025-06-25 05:00:00', '2025-06-25 08:00:00', 'Scheduled'),
(604, 1, 1, '2025-06-26 05:00:00', '2025-06-26 08:00:00', 'Scheduled'),
(605, 1, 1, '2025-06-27 05:00:00', '2025-06-27 08:00:00', 'Scheduled'),
(606, 1, 1, '2025-06-28 05:00:00', '2025-06-28 08:00:00', 'Scheduled'),
(607, 1, 1, '2025-06-29 05:00:00', '2025-06-29 08:00:00', 'Scheduled'),
(608, 1, 1, '2025-06-30 05:00:00', '2025-06-30 08:00:00', 'Scheduled'),
(609, 1, 1, '2025-07-01 05:00:00', '2025-07-01 08:00:00', 'Scheduled'),
(610, 1, 1, '2025-07-02 05:00:00', '2025-07-02 08:00:00', 'Scheduled'),
(611, 1, 1, '2025-07-03 05:00:00', '2025-07-03 08:00:00', 'Scheduled'),
(612, 1, 1, '2025-07-04 05:00:00', '2025-07-04 08:00:00', 'Scheduled'),
(613, 1, 1, '2025-07-05 05:00:00', '2025-07-05 08:00:00', 'Scheduled'),
(614, 1, 1, '2025-07-06 05:00:00', '2025-07-06 08:00:00', 'Scheduled'),
(615, 1, 1, '2025-07-07 05:00:00', '2025-07-07 08:00:00', 'Scheduled'),
(616, 1, 1, '2025-07-08 05:00:00', '2025-07-08 08:00:00', 'Scheduled'),
(617, 1, 1, '2025-07-09 05:00:00', '2025-07-09 08:00:00', 'Scheduled'),
(618, 1, 1, '2025-07-10 05:00:00', '2025-07-10 08:00:00', 'Scheduled'),
(619, 1, 1, '2025-07-11 05:00:00', '2025-07-11 08:00:00', 'Scheduled'),
(620, 1, 1, '2025-07-12 05:00:00', '2025-07-12 08:00:00', 'Scheduled'),
(621, 1, 1, '2025-07-13 05:00:00', '2025-07-13 08:00:00', 'Scheduled'),
(622, 1, 1, '2025-07-14 05:00:00', '2025-07-14 08:00:00', 'Scheduled'),
(623, 1, 1, '2025-07-15 05:00:00', '2025-07-15 08:00:00', 'Scheduled'),
(624, 1, 1, '2025-07-16 05:00:00', '2025-07-16 08:00:00', 'Scheduled'),
(625, 1, 1, '2025-07-17 05:00:00', '2025-07-17 08:00:00', 'Scheduled'),
(626, 1, 1, '2025-07-18 05:00:00', '2025-07-18 08:00:00', 'Scheduled'),
(627, 1, 1, '2025-07-19 05:00:00', '2025-07-19 08:00:00', 'Scheduled'),
(628, 1, 1, '2025-07-20 05:00:00', '2025-07-20 08:00:00', 'Scheduled'),
(629, 1, 1, '2025-07-21 05:00:00', '2025-07-21 08:00:00', 'Scheduled'),
(630, 1, 1, '2025-07-22 05:00:00', '2025-07-22 08:00:00', 'Scheduled'),
(631, 1, 1, '2025-07-23 05:00:00', '2025-07-23 08:00:00', 'Scheduled'),
(632, 1, 1, '2025-07-24 05:00:00', '2025-07-24 08:00:00', 'Scheduled'),
(633, 1, 1, '2025-07-25 05:00:00', '2025-07-25 08:00:00', 'Scheduled'),
(634, 1, 1, '2025-07-26 05:00:00', '2025-07-26 08:00:00', 'Scheduled'),
(635, 1, 1, '2025-07-27 05:00:00', '2025-07-27 08:00:00', 'Scheduled'),
(636, 1, 1, '2025-07-28 05:00:00', '2025-07-28 08:00:00', 'Scheduled'),
(637, 1, 1, '2025-07-29 05:00:00', '2025-07-29 08:00:00', 'Scheduled'),
(638, 1, 1, '2025-07-30 05:00:00', '2025-07-30 08:00:00', 'Scheduled'),
(639, 1, 1, '2025-07-31 05:00:00', '2025-07-31 08:00:00', 'Scheduled'),
(640, 1, 1, '2025-08-01 05:00:00', '2025-08-01 08:00:00', 'Scheduled'),
(641, 1, 1, '2025-08-02 05:00:00', '2025-08-02 08:00:00', 'Scheduled'),
(642, 1, 1, '2025-08-03 05:00:00', '2025-08-03 08:00:00', 'Scheduled'),
(643, 1, 1, '2025-08-04 05:00:00', '2025-08-04 08:00:00', 'Scheduled'),
(644, 1, 1, '2025-08-05 05:00:00', '2025-08-05 08:00:00', 'Scheduled'),
(645, 1, 1, '2025-08-06 05:00:00', '2025-08-06 08:00:00', 'Scheduled'),
(646, 1, 1, '2025-08-07 05:00:00', '2025-08-07 08:00:00', 'Scheduled'),
(647, 1, 1, '2025-08-08 05:00:00', '2025-08-08 08:00:00', 'Scheduled'),
(648, 1, 1, '2025-08-09 05:00:00', '2025-08-09 08:00:00', 'Scheduled'),
(649, 1, 1, '2025-08-10 05:00:00', '2025-08-10 08:00:00', 'Scheduled'),
(650, 1, 1, '2025-08-11 05:00:00', '2025-08-11 08:00:00', 'Scheduled'),
(651, 1, 1, '2025-08-12 05:00:00', '2025-08-12 08:00:00', 'Scheduled'),
(652, 1, 1, '2025-08-13 05:00:00', '2025-08-13 08:00:00', 'Scheduled'),
(653, 1, 1, '2025-08-14 05:00:00', '2025-08-14 08:00:00', 'Scheduled'),
(654, 1, 1, '2025-08-15 05:00:00', '2025-08-15 08:00:00', 'Scheduled'),
(655, 1, 1, '2025-08-16 05:00:00', '2025-08-16 08:00:00', 'Scheduled'),
(656, 1, 1, '2025-08-17 05:00:00', '2025-08-17 08:00:00', 'Scheduled'),
(657, 1, 1, '2025-08-18 05:00:00', '2025-08-18 08:00:00', 'Scheduled'),
(658, 1, 1, '2025-08-19 05:00:00', '2025-08-19 08:00:00', 'Scheduled'),
(659, 1, 1, '2025-08-20 05:00:00', '2025-08-20 08:00:00', 'Scheduled'),
(660, 1, 1, '2025-08-21 05:00:00', '2025-08-21 08:00:00', 'Scheduled'),
(661, 1, 1, '2025-08-22 05:00:00', '2025-08-22 08:00:00', 'Scheduled'),
(662, 1, 1, '2025-08-23 05:00:00', '2025-08-23 08:00:00', 'Scheduled'),
(663, 1, 1, '2025-08-24 05:00:00', '2025-08-24 08:00:00', 'Scheduled'),
(664, 1, 1, '2025-08-25 05:00:00', '2025-08-25 08:00:00', 'Scheduled'),
(665, 1, 1, '2025-08-26 05:00:00', '2025-08-26 08:00:00', 'Scheduled'),
(666, 1, 1, '2025-08-27 05:00:00', '2025-08-27 08:00:00', 'Scheduled'),
(667, 1, 1, '2025-08-28 05:00:00', '2025-08-28 08:00:00', 'Scheduled'),
(668, 1, 1, '2025-08-29 05:00:00', '2025-08-29 08:00:00', 'Scheduled'),
(669, 1, 1, '2025-08-30 05:00:00', '2025-08-30 08:00:00', 'Scheduled'),
(670, 1, 1, '2025-08-31 05:00:00', '2025-08-31 08:00:00', 'Scheduled'),
(671, 1, 1, '2025-09-01 05:00:00', '2025-09-01 08:00:00', 'Scheduled'),
(672, 1, 1, '2025-09-02 05:00:00', '2025-09-02 08:00:00', 'Scheduled'),
(673, 1, 1, '2025-09-03 05:00:00', '2025-09-03 08:00:00', 'Scheduled'),
(674, 1, 1, '2025-09-04 05:00:00', '2025-09-04 08:00:00', 'Scheduled'),
(675, 1, 1, '2025-09-05 05:00:00', '2025-09-05 08:00:00', 'Scheduled'),
(676, 1, 1, '2025-09-06 05:00:00', '2025-09-06 08:00:00', 'Scheduled'),
(677, 1, 1, '2025-09-07 05:00:00', '2025-09-07 08:00:00', 'Scheduled'),
(678, 1, 1, '2025-09-08 05:00:00', '2025-09-08 08:00:00', 'Scheduled'),
(679, 1, 1, '2025-09-09 05:00:00', '2025-09-09 08:00:00', 'Scheduled'),
(680, 1, 1, '2025-09-10 05:00:00', '2025-09-10 08:00:00', 'Scheduled'),
(681, 1, 1, '2025-09-11 05:00:00', '2025-09-11 08:00:00', 'Scheduled'),
(682, 1, 1, '2025-09-12 05:00:00', '2025-09-12 08:00:00', 'Scheduled'),
(683, 1, 1, '2025-09-13 05:00:00', '2025-09-13 08:00:00', 'Scheduled'),
(684, 1, 1, '2025-09-14 05:00:00', '2025-09-14 08:00:00', 'Scheduled'),
(685, 1, 1, '2025-09-15 05:00:00', '2025-09-15 08:00:00', 'Scheduled'),
(686, 1, 1, '2025-09-16 05:00:00', '2025-09-16 08:00:00', 'Scheduled'),
(687, 1, 1, '2025-09-17 05:00:00', '2025-09-17 08:00:00', 'Scheduled'),
(688, 1, 1, '2025-09-18 05:00:00', '2025-09-18 08:00:00', 'Scheduled'),
(689, 1, 1, '2025-09-19 05:00:00', '2025-09-19 08:00:00', 'Scheduled'),
(690, 1, 1, '2025-09-20 05:00:00', '2025-09-20 08:00:00', 'Scheduled'),
(691, 1, 1, '2025-09-21 05:00:00', '2025-09-21 08:00:00', 'Scheduled'),
(692, 1, 1, '2025-09-22 05:00:00', '2025-09-22 08:00:00', 'Scheduled'),
(693, 1, 1, '2025-09-23 05:00:00', '2025-09-23 08:00:00', 'Scheduled'),
(694, 1, 1, '2025-09-24 05:00:00', '2025-09-24 08:00:00', 'Scheduled'),
(695, 1, 1, '2025-09-25 05:00:00', '2025-09-25 08:00:00', 'Scheduled'),
(696, 1, 1, '2025-09-26 05:00:00', '2025-09-26 08:00:00', 'Scheduled'),
(697, 1, 1, '2025-09-27 05:00:00', '2025-09-27 08:00:00', 'Scheduled'),
(698, 1, 1, '2025-09-28 05:00:00', '2025-09-28 08:00:00', 'Scheduled'),
(699, 1, 1, '2025-09-29 05:00:00', '2025-09-29 08:00:00', 'Scheduled'),
(700, 1, 1, '2025-09-30 05:00:00', '2025-09-30 08:00:00', 'Scheduled'),
(701, 1, 1, '2025-10-01 05:00:00', '2025-10-01 08:00:00', 'Scheduled'),
(702, 1, 1, '2025-10-02 05:00:00', '2025-10-02 08:00:00', 'Scheduled'),
(703, 1, 1, '2025-10-03 05:00:00', '2025-10-03 08:00:00', 'Scheduled'),
(704, 1, 1, '2025-10-04 05:00:00', '2025-10-04 08:00:00', 'Scheduled'),
(705, 1, 1, '2025-10-05 05:00:00', '2025-10-05 08:00:00', 'Scheduled'),
(706, 1, 1, '2025-10-06 05:00:00', '2025-10-06 08:00:00', 'Scheduled'),
(707, 1, 1, '2025-10-07 05:00:00', '2025-10-07 08:00:00', 'Scheduled'),
(708, 1, 1, '2025-10-08 05:00:00', '2025-10-08 08:00:00', 'Scheduled'),
(709, 1, 1, '2025-10-09 05:00:00', '2025-10-09 08:00:00', 'Scheduled'),
(710, 1, 1, '2025-10-10 05:00:00', '2025-10-10 08:00:00', 'Scheduled'),
(711, 1, 1, '2025-10-11 05:00:00', '2025-10-11 08:00:00', 'Scheduled'),
(712, 1, 1, '2025-10-12 05:00:00', '2025-10-12 08:00:00', 'Scheduled'),
(713, 1, 1, '2025-10-13 05:00:00', '2025-10-13 08:00:00', 'Scheduled'),
(714, 1, 1, '2025-10-14 05:00:00', '2025-10-14 08:00:00', 'Scheduled'),
(715, 1, 1, '2025-10-15 05:00:00', '2025-10-15 08:00:00', 'Scheduled'),
(716, 1, 1, '2025-10-16 05:00:00', '2025-10-16 08:00:00', 'Scheduled'),
(717, 1, 1, '2025-10-17 05:00:00', '2025-10-17 08:00:00', 'Scheduled'),
(718, 1, 1, '2025-10-18 05:00:00', '2025-10-18 08:00:00', 'Scheduled'),
(719, 1, 1, '2025-10-19 05:00:00', '2025-10-19 08:00:00', 'Scheduled'),
(720, 1, 1, '2025-10-20 05:00:00', '2025-10-20 08:00:00', 'Scheduled'),
(721, 1, 1, '2025-10-21 05:00:00', '2025-10-21 08:00:00', 'Scheduled'),
(722, 1, 1, '2025-10-22 05:00:00', '2025-10-22 08:00:00', 'Scheduled'),
(723, 1, 1, '2025-10-23 05:00:00', '2025-10-23 08:00:00', 'Scheduled'),
(724, 1, 1, '2025-10-24 05:00:00', '2025-10-24 08:00:00', 'Scheduled'),
(725, 1, 1, '2025-10-25 05:00:00', '2025-10-25 08:00:00', 'Scheduled'),
(726, 1, 1, '2025-10-26 05:00:00', '2025-10-26 08:00:00', 'Scheduled'),
(727, 1, 1, '2025-10-27 05:00:00', '2025-10-27 08:00:00', 'Scheduled'),
(728, 1, 1, '2025-10-28 05:00:00', '2025-10-28 08:00:00', 'Scheduled'),
(729, 1, 1, '2025-10-29 05:00:00', '2025-10-29 08:00:00', 'Scheduled'),
(730, 1, 1, '2025-10-30 05:00:00', '2025-10-30 08:00:00', 'Scheduled'),
(731, 1, 1, '2025-10-31 05:00:00', '2025-10-31 08:00:00', 'Scheduled'),
(732, 1, 1, '2025-11-01 05:00:00', '2025-11-01 08:00:00', 'Scheduled'),
(733, 1, 1, '2025-11-02 05:00:00', '2025-11-02 08:00:00', 'Scheduled'),
(734, 7, 1, '2024-11-09 16:00:00', '2024-11-09 18:00:00', 'Scheduled'),
(735, 7, 1, '2024-11-10 16:00:00', '2024-11-10 18:00:00', 'Scheduled'),
(736, 7, 1, '2024-11-11 16:00:00', '2024-11-11 18:00:00', 'Scheduled'),
(737, 7, 1, '2024-11-12 16:00:00', '2024-11-12 18:00:00', 'Scheduled'),
(738, 7, 1, '2024-11-13 16:00:00', '2024-11-13 18:00:00', 'Scheduled'),
(739, 7, 1, '2024-11-14 16:00:00', '2024-11-14 18:00:00', 'Scheduled'),
(740, 7, 1, '2024-11-15 16:00:00', '2024-11-15 18:00:00', 'Scheduled'),
(741, 7, 1, '2024-11-16 16:00:00', '2024-11-16 18:00:00', 'Scheduled'),
(742, 7, 1, '2024-11-17 16:00:00', '2024-11-17 18:00:00', 'Scheduled'),
(743, 7, 1, '2024-11-18 16:00:00', '2024-11-18 18:00:00', 'Scheduled'),
(744, 7, 1, '2024-11-19 16:00:00', '2024-11-19 18:00:00', 'Scheduled'),
(745, 7, 1, '2024-11-20 16:00:00', '2024-11-20 18:00:00', 'Scheduled'),
(746, 7, 1, '2024-11-21 16:00:00', '2024-11-21 18:00:00', 'Scheduled'),
(747, 7, 1, '2024-11-22 16:00:00', '2024-11-22 18:00:00', 'Scheduled'),
(748, 7, 1, '2024-11-23 16:00:00', '2024-11-23 18:00:00', 'Scheduled'),
(749, 7, 1, '2024-11-24 16:00:00', '2024-11-24 18:00:00', 'Scheduled'),
(750, 7, 1, '2024-11-25 16:00:00', '2024-11-25 18:00:00', 'Scheduled'),
(751, 7, 1, '2024-11-26 16:00:00', '2024-11-26 18:00:00', 'Scheduled'),
(752, 7, 1, '2024-11-27 16:00:00', '2024-11-27 18:00:00', 'Scheduled'),
(753, 7, 1, '2024-11-28 16:00:00', '2024-11-28 18:00:00', 'Scheduled'),
(754, 7, 1, '2024-11-29 16:00:00', '2024-11-29 18:00:00', 'Scheduled'),
(755, 7, 1, '2024-11-30 16:00:00', '2024-11-30 18:00:00', 'Scheduled'),
(756, 7, 1, '2024-12-01 16:00:00', '2024-12-01 18:00:00', 'Scheduled'),
(757, 7, 1, '2024-12-02 16:00:00', '2024-12-02 18:00:00', 'Scheduled'),
(758, 7, 1, '2024-12-03 16:00:00', '2024-12-03 18:00:00', 'Scheduled'),
(759, 7, 1, '2024-12-04 16:00:00', '2024-12-04 18:00:00', 'Scheduled'),
(760, 7, 1, '2024-12-05 16:00:00', '2024-12-05 18:00:00', 'Scheduled'),
(761, 7, 1, '2024-12-06 16:00:00', '2024-12-06 18:00:00', 'Scheduled'),
(762, 7, 1, '2024-12-07 16:00:00', '2024-12-07 18:00:00', 'Scheduled'),
(763, 7, 1, '2024-12-08 16:00:00', '2024-12-08 18:00:00', 'Scheduled'),
(764, 7, 1, '2024-12-09 16:00:00', '2024-12-09 18:00:00', 'Scheduled'),
(765, 7, 1, '2024-12-10 16:00:00', '2024-12-10 18:00:00', 'Scheduled'),
(766, 7, 1, '2024-12-11 16:00:00', '2024-12-11 18:00:00', 'Scheduled'),
(767, 7, 1, '2024-12-12 16:00:00', '2024-12-12 18:00:00', 'Scheduled'),
(768, 7, 1, '2024-12-13 16:00:00', '2024-12-13 18:00:00', 'Scheduled'),
(769, 7, 1, '2024-12-14 16:00:00', '2024-12-14 18:00:00', 'Scheduled'),
(770, 7, 1, '2024-12-15 16:00:00', '2024-12-15 18:00:00', 'Scheduled'),
(771, 7, 1, '2024-12-16 16:00:00', '2024-12-16 18:00:00', 'Scheduled'),
(772, 7, 1, '2024-12-17 16:00:00', '2024-12-17 18:00:00', 'Scheduled'),
(773, 7, 1, '2024-12-18 16:00:00', '2024-12-18 18:00:00', 'Scheduled'),
(774, 7, 1, '2024-12-19 16:00:00', '2024-12-19 18:00:00', 'Scheduled'),
(775, 7, 1, '2024-12-20 16:00:00', '2024-12-20 18:00:00', 'Scheduled'),
(776, 7, 1, '2024-12-21 16:00:00', '2024-12-21 18:00:00', 'Scheduled'),
(777, 7, 1, '2024-12-22 16:00:00', '2024-12-22 18:00:00', 'Scheduled'),
(778, 7, 1, '2024-12-23 16:00:00', '2024-12-23 18:00:00', 'Scheduled'),
(779, 7, 1, '2024-12-24 16:00:00', '2024-12-24 18:00:00', 'Scheduled'),
(780, 7, 1, '2024-12-25 16:00:00', '2024-12-25 18:00:00', 'Scheduled'),
(781, 7, 1, '2024-12-26 16:00:00', '2024-12-26 18:00:00', 'Scheduled'),
(782, 7, 1, '2024-12-27 16:00:00', '2024-12-27 18:00:00', 'Scheduled'),
(783, 7, 1, '2024-12-28 16:00:00', '2024-12-28 18:00:00', 'Scheduled'),
(784, 7, 1, '2024-12-29 16:00:00', '2024-12-29 18:00:00', 'Scheduled'),
(785, 7, 1, '2024-12-30 16:00:00', '2024-12-30 18:00:00', 'Scheduled'),
(786, 7, 1, '2024-12-31 16:00:00', '2024-12-31 18:00:00', 'Scheduled'),
(787, 7, 1, '2025-01-01 16:00:00', '2025-01-01 18:00:00', 'Scheduled'),
(788, 7, 1, '2025-01-02 16:00:00', '2025-01-02 18:00:00', 'Scheduled'),
(789, 7, 1, '2025-01-03 16:00:00', '2025-01-03 18:00:00', 'Scheduled'),
(790, 7, 1, '2025-01-04 16:00:00', '2025-01-04 18:00:00', 'Scheduled'),
(791, 7, 1, '2025-01-05 16:00:00', '2025-01-05 18:00:00', 'Scheduled'),
(792, 7, 1, '2025-01-06 16:00:00', '2025-01-06 18:00:00', 'Scheduled'),
(793, 7, 1, '2025-01-07 16:00:00', '2025-01-07 18:00:00', 'Scheduled'),
(794, 7, 1, '2025-01-08 16:00:00', '2025-01-08 18:00:00', 'Scheduled'),
(795, 7, 1, '2025-01-09 16:00:00', '2025-01-09 18:00:00', 'Scheduled'),
(796, 7, 1, '2025-01-10 16:00:00', '2025-01-10 18:00:00', 'Scheduled'),
(797, 7, 1, '2025-01-11 16:00:00', '2025-01-11 18:00:00', 'Scheduled'),
(798, 7, 1, '2025-01-12 16:00:00', '2025-01-12 18:00:00', 'Scheduled'),
(799, 7, 1, '2025-01-13 16:00:00', '2025-01-13 18:00:00', 'Scheduled'),
(800, 7, 1, '2025-01-14 16:00:00', '2025-01-14 18:00:00', 'Scheduled'),
(801, 7, 1, '2025-01-15 16:00:00', '2025-01-15 18:00:00', 'Scheduled'),
(802, 7, 1, '2025-01-16 16:00:00', '2025-01-16 18:00:00', 'Scheduled'),
(803, 7, 1, '2025-01-17 16:00:00', '2025-01-17 18:00:00', 'Scheduled'),
(804, 7, 1, '2025-01-18 16:00:00', '2025-01-18 18:00:00', 'Scheduled'),
(805, 7, 1, '2025-01-19 16:00:00', '2025-01-19 18:00:00', 'Scheduled'),
(806, 7, 1, '2025-01-20 16:00:00', '2025-01-20 18:00:00', 'Scheduled'),
(807, 7, 1, '2025-01-21 16:00:00', '2025-01-21 18:00:00', 'Scheduled'),
(808, 7, 1, '2025-01-22 16:00:00', '2025-01-22 18:00:00', 'Scheduled'),
(809, 7, 1, '2025-01-23 16:00:00', '2025-01-23 18:00:00', 'Scheduled'),
(810, 7, 1, '2025-01-24 16:00:00', '2025-01-24 18:00:00', 'Scheduled'),
(811, 7, 1, '2025-01-25 16:00:00', '2025-01-25 18:00:00', 'Scheduled'),
(812, 7, 1, '2025-01-26 16:00:00', '2025-01-26 18:00:00', 'Scheduled'),
(813, 7, 1, '2025-01-27 16:00:00', '2025-01-27 18:00:00', 'Scheduled'),
(814, 7, 1, '2025-01-28 16:00:00', '2025-01-28 18:00:00', 'Scheduled'),
(815, 7, 1, '2025-01-29 16:00:00', '2025-01-29 18:00:00', 'Scheduled'),
(816, 7, 1, '2025-01-30 16:00:00', '2025-01-30 18:00:00', 'Scheduled'),
(817, 7, 1, '2025-01-31 16:00:00', '2025-01-31 18:00:00', 'Scheduled'),
(818, 7, 1, '2025-02-01 16:00:00', '2025-02-01 18:00:00', 'Scheduled'),
(819, 7, 1, '2025-02-02 16:00:00', '2025-02-02 18:00:00', 'Scheduled'),
(820, 7, 1, '2025-02-03 16:00:00', '2025-02-03 18:00:00', 'Scheduled'),
(821, 7, 1, '2025-02-04 16:00:00', '2025-02-04 18:00:00', 'Scheduled'),
(822, 7, 1, '2025-02-05 16:00:00', '2025-02-05 18:00:00', 'Scheduled'),
(823, 7, 1, '2025-02-06 16:00:00', '2025-02-06 18:00:00', 'Scheduled'),
(824, 7, 1, '2025-02-07 16:00:00', '2025-02-07 18:00:00', 'Scheduled'),
(825, 7, 1, '2025-02-08 16:00:00', '2025-02-08 18:00:00', 'Scheduled'),
(826, 7, 1, '2025-02-09 16:00:00', '2025-02-09 18:00:00', 'Scheduled'),
(827, 7, 1, '2025-02-10 16:00:00', '2025-02-10 18:00:00', 'Scheduled'),
(828, 7, 1, '2025-02-11 16:00:00', '2025-02-11 18:00:00', 'Scheduled'),
(829, 7, 1, '2025-02-12 16:00:00', '2025-02-12 18:00:00', 'Scheduled'),
(830, 7, 1, '2025-02-13 16:00:00', '2025-02-13 18:00:00', 'Scheduled'),
(831, 7, 1, '2025-02-14 16:00:00', '2025-02-14 18:00:00', 'Scheduled'),
(832, 7, 1, '2025-02-15 16:00:00', '2025-02-15 18:00:00', 'Scheduled'),
(833, 7, 1, '2025-02-16 16:00:00', '2025-02-16 18:00:00', 'Scheduled'),
(834, 7, 1, '2025-02-17 16:00:00', '2025-02-17 18:00:00', 'Scheduled'),
(835, 7, 1, '2025-02-18 16:00:00', '2025-02-18 18:00:00', 'Scheduled'),
(836, 7, 1, '2025-02-19 16:00:00', '2025-02-19 18:00:00', 'Scheduled'),
(837, 7, 1, '2025-02-20 16:00:00', '2025-02-20 18:00:00', 'Scheduled'),
(838, 7, 1, '2025-02-21 16:00:00', '2025-02-21 18:00:00', 'Scheduled'),
(839, 7, 1, '2025-02-22 16:00:00', '2025-02-22 18:00:00', 'Scheduled'),
(840, 7, 1, '2025-02-23 16:00:00', '2025-02-23 18:00:00', 'Scheduled'),
(841, 7, 1, '2025-02-24 16:00:00', '2025-02-24 18:00:00', 'Scheduled'),
(842, 7, 1, '2025-02-25 16:00:00', '2025-02-25 18:00:00', 'Scheduled'),
(843, 7, 1, '2025-02-26 16:00:00', '2025-02-26 18:00:00', 'Scheduled'),
(844, 7, 1, '2025-02-27 16:00:00', '2025-02-27 18:00:00', 'Scheduled'),
(845, 7, 1, '2025-02-28 16:00:00', '2025-02-28 18:00:00', 'Scheduled'),
(846, 7, 1, '2025-03-01 16:00:00', '2025-03-01 18:00:00', 'Scheduled'),
(847, 7, 1, '2025-03-02 16:00:00', '2025-03-02 18:00:00', 'Scheduled'),
(848, 7, 1, '2025-03-03 16:00:00', '2025-03-03 18:00:00', 'Scheduled'),
(849, 7, 1, '2025-03-04 16:00:00', '2025-03-04 18:00:00', 'Scheduled'),
(850, 7, 1, '2025-03-05 16:00:00', '2025-03-05 18:00:00', 'Scheduled'),
(851, 7, 1, '2025-03-06 16:00:00', '2025-03-06 18:00:00', 'Scheduled'),
(852, 7, 1, '2025-03-07 16:00:00', '2025-03-07 18:00:00', 'Scheduled'),
(853, 7, 1, '2025-03-08 16:00:00', '2025-03-08 18:00:00', 'Scheduled'),
(854, 7, 1, '2025-03-09 16:00:00', '2025-03-09 18:00:00', 'Scheduled'),
(855, 7, 1, '2025-03-10 16:00:00', '2025-03-10 18:00:00', 'Scheduled'),
(856, 7, 1, '2025-03-11 16:00:00', '2025-03-11 18:00:00', 'Scheduled'),
(857, 7, 1, '2025-03-12 16:00:00', '2025-03-12 18:00:00', 'Scheduled'),
(858, 7, 1, '2025-03-13 16:00:00', '2025-03-13 18:00:00', 'Scheduled'),
(859, 7, 1, '2025-03-14 16:00:00', '2025-03-14 18:00:00', 'Scheduled'),
(860, 7, 1, '2025-03-15 16:00:00', '2025-03-15 18:00:00', 'Scheduled'),
(861, 7, 1, '2025-03-16 16:00:00', '2025-03-16 18:00:00', 'Scheduled'),
(862, 7, 1, '2025-03-17 16:00:00', '2025-03-17 18:00:00', 'Scheduled'),
(863, 7, 1, '2025-03-18 16:00:00', '2025-03-18 18:00:00', 'Scheduled'),
(864, 7, 1, '2025-03-19 16:00:00', '2025-03-19 18:00:00', 'Scheduled'),
(865, 7, 1, '2025-03-20 16:00:00', '2025-03-20 18:00:00', 'Scheduled'),
(866, 7, 1, '2025-03-21 16:00:00', '2025-03-21 18:00:00', 'Scheduled'),
(867, 7, 1, '2025-03-22 16:00:00', '2025-03-22 18:00:00', 'Scheduled'),
(868, 7, 1, '2025-03-23 16:00:00', '2025-03-23 18:00:00', 'Scheduled'),
(869, 7, 1, '2025-03-24 16:00:00', '2025-03-24 18:00:00', 'Scheduled'),
(870, 7, 1, '2025-03-25 16:00:00', '2025-03-25 18:00:00', 'Scheduled'),
(871, 7, 1, '2025-03-26 16:00:00', '2025-03-26 18:00:00', 'Scheduled'),
(872, 7, 1, '2025-03-27 16:00:00', '2025-03-27 18:00:00', 'Scheduled'),
(873, 7, 1, '2025-03-28 16:00:00', '2025-03-28 18:00:00', 'Scheduled'),
(874, 7, 1, '2025-03-29 16:00:00', '2025-03-29 18:00:00', 'Scheduled'),
(875, 7, 1, '2025-03-30 16:00:00', '2025-03-30 18:00:00', 'Scheduled'),
(876, 7, 1, '2025-03-31 16:00:00', '2025-03-31 18:00:00', 'Scheduled'),
(877, 7, 1, '2025-04-01 16:00:00', '2025-04-01 18:00:00', 'Scheduled'),
(878, 7, 1, '2025-04-02 16:00:00', '2025-04-02 18:00:00', 'Scheduled'),
(879, 7, 1, '2025-04-03 16:00:00', '2025-04-03 18:00:00', 'Scheduled'),
(880, 7, 1, '2025-04-04 16:00:00', '2025-04-04 18:00:00', 'Scheduled'),
(881, 7, 1, '2025-04-05 16:00:00', '2025-04-05 18:00:00', 'Scheduled'),
(882, 7, 1, '2025-04-06 16:00:00', '2025-04-06 18:00:00', 'Scheduled'),
(883, 7, 1, '2025-04-07 16:00:00', '2025-04-07 18:00:00', 'Scheduled'),
(884, 7, 1, '2025-04-08 16:00:00', '2025-04-08 18:00:00', 'Scheduled'),
(885, 7, 1, '2025-04-09 16:00:00', '2025-04-09 18:00:00', 'Scheduled'),
(886, 7, 1, '2025-04-10 16:00:00', '2025-04-10 18:00:00', 'Scheduled'),
(887, 7, 1, '2025-04-11 16:00:00', '2025-04-11 18:00:00', 'Scheduled'),
(888, 7, 1, '2025-04-12 16:00:00', '2025-04-12 18:00:00', 'Scheduled'),
(889, 7, 1, '2025-04-13 16:00:00', '2025-04-13 18:00:00', 'Scheduled'),
(890, 7, 1, '2025-04-14 16:00:00', '2025-04-14 18:00:00', 'Scheduled'),
(891, 7, 1, '2025-04-15 16:00:00', '2025-04-15 18:00:00', 'Scheduled'),
(892, 7, 1, '2025-04-16 16:00:00', '2025-04-16 18:00:00', 'Scheduled'),
(893, 7, 1, '2025-04-17 16:00:00', '2025-04-17 18:00:00', 'Scheduled'),
(894, 7, 1, '2025-04-18 16:00:00', '2025-04-18 18:00:00', 'Scheduled'),
(895, 7, 1, '2025-04-19 16:00:00', '2025-04-19 18:00:00', 'Scheduled'),
(896, 7, 1, '2025-04-20 16:00:00', '2025-04-20 18:00:00', 'Scheduled'),
(897, 7, 1, '2025-04-21 16:00:00', '2025-04-21 18:00:00', 'Scheduled'),
(898, 7, 1, '2025-04-22 16:00:00', '2025-04-22 18:00:00', 'Scheduled'),
(899, 7, 1, '2025-04-23 16:00:00', '2025-04-23 18:00:00', 'Scheduled'),
(900, 7, 1, '2025-04-24 16:00:00', '2025-04-24 18:00:00', 'Scheduled'),
(901, 7, 1, '2025-04-25 16:00:00', '2025-04-25 18:00:00', 'Scheduled'),
(902, 7, 1, '2025-04-26 16:00:00', '2025-04-26 18:00:00', 'Scheduled'),
(903, 7, 1, '2025-04-27 16:00:00', '2025-04-27 18:00:00', 'Scheduled'),
(904, 7, 1, '2025-04-28 16:00:00', '2025-04-28 18:00:00', 'Scheduled'),
(905, 7, 1, '2025-04-29 16:00:00', '2025-04-29 18:00:00', 'Scheduled'),
(906, 7, 1, '2025-04-30 16:00:00', '2025-04-30 18:00:00', 'Scheduled'),
(907, 7, 1, '2025-05-01 16:00:00', '2025-05-01 18:00:00', 'Scheduled'),
(908, 7, 1, '2025-05-02 16:00:00', '2025-05-02 18:00:00', 'Scheduled'),
(909, 7, 1, '2025-05-03 16:00:00', '2025-05-03 18:00:00', 'Scheduled'),
(910, 7, 1, '2025-05-04 16:00:00', '2025-05-04 18:00:00', 'Scheduled'),
(911, 7, 1, '2025-05-05 16:00:00', '2025-05-05 18:00:00', 'Scheduled'),
(912, 7, 1, '2025-05-06 16:00:00', '2025-05-06 18:00:00', 'Scheduled'),
(913, 7, 1, '2025-05-07 16:00:00', '2025-05-07 18:00:00', 'Scheduled'),
(914, 7, 1, '2025-05-08 16:00:00', '2025-05-08 18:00:00', 'Scheduled'),
(915, 7, 1, '2025-05-09 16:00:00', '2025-05-09 18:00:00', 'Scheduled'),
(916, 7, 1, '2025-05-10 16:00:00', '2025-05-10 18:00:00', 'Scheduled'),
(917, 7, 1, '2025-05-11 16:00:00', '2025-05-11 18:00:00', 'Scheduled'),
(918, 7, 1, '2025-05-12 16:00:00', '2025-05-12 18:00:00', 'Scheduled'),
(919, 7, 1, '2025-05-13 16:00:00', '2025-05-13 18:00:00', 'Scheduled'),
(920, 7, 1, '2025-05-14 16:00:00', '2025-05-14 18:00:00', 'Scheduled'),
(921, 7, 1, '2025-05-15 16:00:00', '2025-05-15 18:00:00', 'Scheduled'),
(922, 7, 1, '2025-05-16 16:00:00', '2025-05-16 18:00:00', 'Scheduled'),
(923, 7, 1, '2025-05-17 16:00:00', '2025-05-17 18:00:00', 'Scheduled'),
(924, 7, 1, '2025-05-18 16:00:00', '2025-05-18 18:00:00', 'Scheduled'),
(925, 7, 1, '2025-05-19 16:00:00', '2025-05-19 18:00:00', 'Scheduled'),
(926, 7, 1, '2025-05-20 16:00:00', '2025-05-20 18:00:00', 'Scheduled'),
(927, 7, 1, '2025-05-21 16:00:00', '2025-05-21 18:00:00', 'Scheduled'),
(928, 7, 1, '2025-05-22 16:00:00', '2025-05-22 18:00:00', 'Scheduled'),
(929, 7, 1, '2025-05-23 16:00:00', '2025-05-23 18:00:00', 'Scheduled'),
(930, 7, 1, '2025-05-24 16:00:00', '2025-05-24 18:00:00', 'Scheduled'),
(931, 7, 1, '2025-05-25 16:00:00', '2025-05-25 18:00:00', 'Scheduled'),
(932, 7, 1, '2025-05-26 16:00:00', '2025-05-26 18:00:00', 'Scheduled'),
(933, 7, 1, '2025-05-27 16:00:00', '2025-05-27 18:00:00', 'Scheduled'),
(934, 7, 1, '2025-05-28 16:00:00', '2025-05-28 18:00:00', 'Scheduled'),
(935, 7, 1, '2025-05-29 16:00:00', '2025-05-29 18:00:00', 'Scheduled'),
(936, 7, 1, '2025-05-30 16:00:00', '2025-05-30 18:00:00', 'Scheduled'),
(937, 7, 1, '2025-05-31 16:00:00', '2025-05-31 18:00:00', 'Scheduled'),
(938, 7, 1, '2025-06-01 16:00:00', '2025-06-01 18:00:00', 'Scheduled'),
(939, 7, 1, '2025-06-02 16:00:00', '2025-06-02 18:00:00', 'Scheduled'),
(940, 7, 1, '2025-06-03 16:00:00', '2025-06-03 18:00:00', 'Scheduled'),
(941, 7, 1, '2025-06-04 16:00:00', '2025-06-04 18:00:00', 'Scheduled'),
(942, 7, 1, '2025-06-05 16:00:00', '2025-06-05 18:00:00', 'Scheduled'),
(943, 7, 1, '2025-06-06 16:00:00', '2025-06-06 18:00:00', 'Scheduled'),
(944, 7, 1, '2025-06-07 16:00:00', '2025-06-07 18:00:00', 'Scheduled'),
(945, 7, 1, '2025-06-08 16:00:00', '2025-06-08 18:00:00', 'Scheduled'),
(946, 7, 1, '2025-06-09 16:00:00', '2025-06-09 18:00:00', 'Scheduled'),
(947, 7, 1, '2025-06-10 16:00:00', '2025-06-10 18:00:00', 'Scheduled'),
(948, 7, 1, '2025-06-11 16:00:00', '2025-06-11 18:00:00', 'Scheduled'),
(949, 7, 1, '2025-06-12 16:00:00', '2025-06-12 18:00:00', 'Scheduled'),
(950, 7, 1, '2025-06-13 16:00:00', '2025-06-13 18:00:00', 'Scheduled'),
(951, 7, 1, '2025-06-14 16:00:00', '2025-06-14 18:00:00', 'Scheduled'),
(952, 7, 1, '2025-06-15 16:00:00', '2025-06-15 18:00:00', 'Scheduled'),
(953, 7, 1, '2025-06-16 16:00:00', '2025-06-16 18:00:00', 'Scheduled'),
(954, 7, 1, '2025-06-17 16:00:00', '2025-06-17 18:00:00', 'Scheduled'),
(955, 7, 1, '2025-06-18 16:00:00', '2025-06-18 18:00:00', 'Scheduled'),
(956, 7, 1, '2025-06-19 16:00:00', '2025-06-19 18:00:00', 'Scheduled'),
(957, 7, 1, '2025-06-20 16:00:00', '2025-06-20 18:00:00', 'Scheduled'),
(958, 7, 1, '2025-06-21 16:00:00', '2025-06-21 18:00:00', 'Scheduled'),
(959, 7, 1, '2025-06-22 16:00:00', '2025-06-22 18:00:00', 'Scheduled'),
(960, 7, 1, '2025-06-23 16:00:00', '2025-06-23 18:00:00', 'Scheduled'),
(961, 7, 1, '2025-06-24 16:00:00', '2025-06-24 18:00:00', 'Scheduled'),
(962, 7, 1, '2025-06-25 16:00:00', '2025-06-25 18:00:00', 'Scheduled'),
(963, 7, 1, '2025-06-26 16:00:00', '2025-06-26 18:00:00', 'Scheduled'),
(964, 7, 1, '2025-06-27 16:00:00', '2025-06-27 18:00:00', 'Scheduled'),
(965, 7, 1, '2025-06-28 16:00:00', '2025-06-28 18:00:00', 'Scheduled'),
(966, 7, 1, '2025-06-29 16:00:00', '2025-06-29 18:00:00', 'Scheduled'),
(967, 7, 1, '2025-06-30 16:00:00', '2025-06-30 18:00:00', 'Scheduled'),
(968, 7, 1, '2025-07-01 16:00:00', '2025-07-01 18:00:00', 'Scheduled'),
(969, 7, 1, '2025-07-02 16:00:00', '2025-07-02 18:00:00', 'Scheduled'),
(970, 7, 1, '2025-07-03 16:00:00', '2025-07-03 18:00:00', 'Scheduled'),
(971, 7, 1, '2025-07-04 16:00:00', '2025-07-04 18:00:00', 'Scheduled'),
(972, 7, 1, '2025-07-05 16:00:00', '2025-07-05 18:00:00', 'Scheduled'),
(973, 7, 1, '2025-07-06 16:00:00', '2025-07-06 18:00:00', 'Scheduled'),
(974, 7, 1, '2025-07-07 16:00:00', '2025-07-07 18:00:00', 'Scheduled'),
(975, 7, 1, '2025-07-08 16:00:00', '2025-07-08 18:00:00', 'Scheduled'),
(976, 7, 1, '2025-07-09 16:00:00', '2025-07-09 18:00:00', 'Scheduled'),
(977, 7, 1, '2025-07-10 16:00:00', '2025-07-10 18:00:00', 'Scheduled'),
(978, 7, 1, '2025-07-11 16:00:00', '2025-07-11 18:00:00', 'Scheduled'),
(979, 7, 1, '2025-07-12 16:00:00', '2025-07-12 18:00:00', 'Scheduled'),
(980, 7, 1, '2025-07-13 16:00:00', '2025-07-13 18:00:00', 'Scheduled'),
(981, 7, 1, '2025-07-14 16:00:00', '2025-07-14 18:00:00', 'Scheduled'),
(982, 7, 1, '2025-07-15 16:00:00', '2025-07-15 18:00:00', 'Scheduled'),
(983, 7, 1, '2025-07-16 16:00:00', '2025-07-16 18:00:00', 'Scheduled'),
(984, 7, 1, '2025-07-17 16:00:00', '2025-07-17 18:00:00', 'Scheduled'),
(985, 7, 1, '2025-07-18 16:00:00', '2025-07-18 18:00:00', 'Scheduled'),
(986, 7, 1, '2025-07-19 16:00:00', '2025-07-19 18:00:00', 'Scheduled'),
(987, 7, 1, '2025-07-20 16:00:00', '2025-07-20 18:00:00', 'Scheduled'),
(988, 7, 1, '2025-07-21 16:00:00', '2025-07-21 18:00:00', 'Scheduled'),
(989, 7, 1, '2025-07-22 16:00:00', '2025-07-22 18:00:00', 'Scheduled'),
(990, 7, 1, '2025-07-23 16:00:00', '2025-07-23 18:00:00', 'Scheduled'),
(991, 7, 1, '2025-07-24 16:00:00', '2025-07-24 18:00:00', 'Scheduled'),
(992, 7, 1, '2025-07-25 16:00:00', '2025-07-25 18:00:00', 'Scheduled'),
(993, 7, 1, '2025-07-26 16:00:00', '2025-07-26 18:00:00', 'Scheduled'),
(994, 7, 1, '2025-07-27 16:00:00', '2025-07-27 18:00:00', 'Scheduled'),
(995, 7, 1, '2025-07-28 16:00:00', '2025-07-28 18:00:00', 'Scheduled'),
(996, 7, 1, '2025-07-29 16:00:00', '2025-07-29 18:00:00', 'Scheduled'),
(997, 7, 1, '2025-07-30 16:00:00', '2025-07-30 18:00:00', 'Scheduled'),
(998, 7, 1, '2025-07-31 16:00:00', '2025-07-31 18:00:00', 'Scheduled'),
(999, 7, 1, '2025-08-01 16:00:00', '2025-08-01 18:00:00', 'Scheduled'),
(1000, 7, 1, '2025-08-02 16:00:00', '2025-08-02 18:00:00', 'Scheduled'),
(1001, 7, 1, '2025-08-03 16:00:00', '2025-08-03 18:00:00', 'Scheduled'),
(1002, 7, 1, '2025-08-04 16:00:00', '2025-08-04 18:00:00', 'Scheduled'),
(1003, 7, 1, '2025-08-05 16:00:00', '2025-08-05 18:00:00', 'Scheduled'),
(1004, 7, 1, '2025-08-06 16:00:00', '2025-08-06 18:00:00', 'Scheduled'),
(1005, 7, 1, '2025-08-07 16:00:00', '2025-08-07 18:00:00', 'Scheduled'),
(1006, 7, 1, '2025-08-08 16:00:00', '2025-08-08 18:00:00', 'Scheduled'),
(1007, 7, 1, '2025-08-09 16:00:00', '2025-08-09 18:00:00', 'Scheduled'),
(1008, 7, 1, '2025-08-10 16:00:00', '2025-08-10 18:00:00', 'Scheduled'),
(1009, 7, 1, '2025-08-11 16:00:00', '2025-08-11 18:00:00', 'Scheduled'),
(1010, 7, 1, '2025-08-12 16:00:00', '2025-08-12 18:00:00', 'Scheduled'),
(1011, 7, 1, '2025-08-13 16:00:00', '2025-08-13 18:00:00', 'Scheduled'),
(1012, 7, 1, '2025-08-14 16:00:00', '2025-08-14 18:00:00', 'Scheduled'),
(1013, 7, 1, '2025-08-15 16:00:00', '2025-08-15 18:00:00', 'Scheduled'),
(1014, 7, 1, '2025-08-16 16:00:00', '2025-08-16 18:00:00', 'Scheduled'),
(1015, 7, 1, '2025-08-17 16:00:00', '2025-08-17 18:00:00', 'Scheduled'),
(1016, 7, 1, '2025-08-18 16:00:00', '2025-08-18 18:00:00', 'Scheduled'),
(1017, 7, 1, '2025-08-19 16:00:00', '2025-08-19 18:00:00', 'Scheduled'),
(1018, 7, 1, '2025-08-20 16:00:00', '2025-08-20 18:00:00', 'Scheduled'),
(1019, 7, 1, '2025-08-21 16:00:00', '2025-08-21 18:00:00', 'Scheduled'),
(1020, 7, 1, '2025-08-22 16:00:00', '2025-08-22 18:00:00', 'Scheduled'),
(1021, 7, 1, '2025-08-23 16:00:00', '2025-08-23 18:00:00', 'Scheduled'),
(1022, 7, 1, '2025-08-24 16:00:00', '2025-08-24 18:00:00', 'Scheduled'),
(1023, 7, 1, '2025-08-25 16:00:00', '2025-08-25 18:00:00', 'Scheduled'),
(1024, 7, 1, '2025-08-26 16:00:00', '2025-08-26 18:00:00', 'Scheduled'),
(1025, 7, 1, '2025-08-27 16:00:00', '2025-08-27 18:00:00', 'Scheduled'),
(1026, 7, 1, '2025-08-28 16:00:00', '2025-08-28 18:00:00', 'Scheduled'),
(1027, 7, 1, '2025-08-29 16:00:00', '2025-08-29 18:00:00', 'Scheduled'),
(1028, 7, 1, '2025-08-30 16:00:00', '2025-08-30 18:00:00', 'Scheduled'),
(1029, 7, 1, '2025-08-31 16:00:00', '2025-08-31 18:00:00', 'Scheduled'),
(1030, 7, 1, '2025-09-01 16:00:00', '2025-09-01 18:00:00', 'Scheduled'),
(1031, 7, 1, '2025-09-02 16:00:00', '2025-09-02 18:00:00', 'Scheduled'),
(1032, 7, 1, '2025-09-03 16:00:00', '2025-09-03 18:00:00', 'Scheduled'),
(1033, 7, 1, '2025-09-04 16:00:00', '2025-09-04 18:00:00', 'Scheduled'),
(1034, 7, 1, '2025-09-05 16:00:00', '2025-09-05 18:00:00', 'Scheduled'),
(1035, 7, 1, '2025-09-06 16:00:00', '2025-09-06 18:00:00', 'Scheduled'),
(1036, 7, 1, '2025-09-07 16:00:00', '2025-09-07 18:00:00', 'Scheduled'),
(1037, 7, 1, '2025-09-08 16:00:00', '2025-09-08 18:00:00', 'Scheduled'),
(1038, 7, 1, '2025-09-09 16:00:00', '2025-09-09 18:00:00', 'Scheduled'),
(1039, 7, 1, '2025-09-10 16:00:00', '2025-09-10 18:00:00', 'Scheduled'),
(1040, 7, 1, '2025-09-11 16:00:00', '2025-09-11 18:00:00', 'Scheduled'),
(1041, 7, 1, '2025-09-12 16:00:00', '2025-09-12 18:00:00', 'Scheduled'),
(1042, 7, 1, '2025-09-13 16:00:00', '2025-09-13 18:00:00', 'Scheduled'),
(1043, 7, 1, '2025-09-14 16:00:00', '2025-09-14 18:00:00', 'Scheduled'),
(1044, 7, 1, '2025-09-15 16:00:00', '2025-09-15 18:00:00', 'Scheduled'),
(1045, 7, 1, '2025-09-16 16:00:00', '2025-09-16 18:00:00', 'Scheduled'),
(1046, 7, 1, '2025-09-17 16:00:00', '2025-09-17 18:00:00', 'Scheduled'),
(1047, 7, 1, '2025-09-18 16:00:00', '2025-09-18 18:00:00', 'Scheduled'),
(1048, 7, 1, '2025-09-19 16:00:00', '2025-09-19 18:00:00', 'Scheduled'),
(1049, 7, 1, '2025-09-20 16:00:00', '2025-09-20 18:00:00', 'Scheduled'),
(1050, 7, 1, '2025-09-21 16:00:00', '2025-09-21 18:00:00', 'Scheduled'),
(1051, 7, 1, '2025-09-22 16:00:00', '2025-09-22 18:00:00', 'Scheduled'),
(1052, 7, 1, '2025-09-23 16:00:00', '2025-09-23 18:00:00', 'Scheduled'),
(1053, 7, 1, '2025-09-24 16:00:00', '2025-09-24 18:00:00', 'Scheduled'),
(1054, 7, 1, '2025-09-25 16:00:00', '2025-09-25 18:00:00', 'Scheduled'),
(1055, 7, 1, '2025-09-26 16:00:00', '2025-09-26 18:00:00', 'Scheduled'),
(1056, 7, 1, '2025-09-27 16:00:00', '2025-09-27 18:00:00', 'Scheduled'),
(1057, 7, 1, '2025-09-28 16:00:00', '2025-09-28 18:00:00', 'Scheduled'),
(1058, 7, 1, '2025-09-29 16:00:00', '2025-09-29 18:00:00', 'Scheduled'),
(1059, 7, 1, '2025-09-30 16:00:00', '2025-09-30 18:00:00', 'Scheduled'),
(1060, 7, 1, '2025-10-01 16:00:00', '2025-10-01 18:00:00', 'Scheduled'),
(1061, 7, 1, '2025-10-02 16:00:00', '2025-10-02 18:00:00', 'Scheduled'),
(1062, 7, 1, '2025-10-03 16:00:00', '2025-10-03 18:00:00', 'Scheduled'),
(1063, 7, 1, '2025-10-04 16:00:00', '2025-10-04 18:00:00', 'Scheduled'),
(1064, 7, 1, '2025-10-05 16:00:00', '2025-10-05 18:00:00', 'Scheduled'),
(1065, 7, 1, '2025-10-06 16:00:00', '2025-10-06 18:00:00', 'Scheduled'),
(1066, 7, 1, '2025-10-07 16:00:00', '2025-10-07 18:00:00', 'Scheduled'),
(1067, 7, 1, '2025-10-08 16:00:00', '2025-10-08 18:00:00', 'Scheduled'),
(1068, 7, 1, '2025-10-09 16:00:00', '2025-10-09 18:00:00', 'Scheduled'),
(1069, 7, 1, '2025-10-10 16:00:00', '2025-10-10 18:00:00', 'Scheduled'),
(1070, 7, 1, '2025-10-11 16:00:00', '2025-10-11 18:00:00', 'Scheduled'),
(1071, 7, 1, '2025-10-12 16:00:00', '2025-10-12 18:00:00', 'Scheduled'),
(1072, 7, 1, '2025-10-13 16:00:00', '2025-10-13 18:00:00', 'Scheduled'),
(1073, 7, 1, '2025-10-14 16:00:00', '2025-10-14 18:00:00', 'Scheduled'),
(1074, 7, 1, '2025-10-15 16:00:00', '2025-10-15 18:00:00', 'Scheduled'),
(1075, 7, 1, '2025-10-16 16:00:00', '2025-10-16 18:00:00', 'Scheduled'),
(1076, 7, 1, '2025-10-17 16:00:00', '2025-10-17 18:00:00', 'Scheduled');
INSERT INTO `schedules` (`schedule_id`, `boat_id`, `route_id`, `departure_time`, `arrival_time`, `status`) VALUES
(1077, 7, 1, '2025-10-18 16:00:00', '2025-10-18 18:00:00', 'Scheduled'),
(1078, 7, 1, '2025-10-19 16:00:00', '2025-10-19 18:00:00', 'Scheduled'),
(1079, 7, 1, '2025-10-20 16:00:00', '2025-10-20 18:00:00', 'Scheduled'),
(1080, 7, 1, '2025-10-21 16:00:00', '2025-10-21 18:00:00', 'Scheduled'),
(1081, 7, 1, '2025-10-22 16:00:00', '2025-10-22 18:00:00', 'Scheduled'),
(1082, 7, 1, '2025-10-23 16:00:00', '2025-10-23 18:00:00', 'Scheduled'),
(1083, 7, 1, '2025-10-24 16:00:00', '2025-10-24 18:00:00', 'Scheduled'),
(1084, 7, 1, '2025-10-25 16:00:00', '2025-10-25 18:00:00', 'Scheduled'),
(1085, 7, 1, '2025-10-26 16:00:00', '2025-10-26 18:00:00', 'Scheduled'),
(1086, 7, 1, '2025-10-27 16:00:00', '2025-10-27 18:00:00', 'Scheduled'),
(1087, 7, 1, '2025-10-28 16:00:00', '2025-10-28 18:00:00', 'Scheduled'),
(1088, 7, 1, '2025-10-29 16:00:00', '2025-10-29 18:00:00', 'Scheduled'),
(1089, 7, 1, '2025-10-30 16:00:00', '2025-10-30 18:00:00', 'Scheduled'),
(1090, 7, 1, '2025-10-31 16:00:00', '2025-10-31 18:00:00', 'Scheduled'),
(1091, 7, 1, '2025-11-01 16:00:00', '2025-11-01 18:00:00', 'Scheduled'),
(1092, 7, 1, '2025-11-02 16:00:00', '2025-11-02 18:00:00', 'Scheduled'),
(1093, 7, 1, '2025-11-03 16:00:00', '2025-11-03 18:00:00', 'Scheduled'),
(1094, 7, 1, '2025-11-04 16:00:00', '2025-11-04 18:00:00', 'Scheduled'),
(1095, 7, 1, '2025-11-05 16:00:00', '2025-11-05 18:00:00', 'Scheduled'),
(1096, 7, 1, '2025-11-06 16:00:00', '2025-11-06 18:00:00', 'Scheduled'),
(1097, 7, 1, '2025-11-07 16:00:00', '2025-11-07 18:00:00', 'Scheduled'),
(1098, 7, 1, '2025-11-08 16:00:00', '2025-11-08 18:00:00', 'Scheduled'),
(1100, 3, 1, '2024-11-08 16:00:00', '2024-11-08 18:00:00', 'Scheduled'),
(1101, 3, 1, '2024-11-09 16:00:00', '2024-11-09 18:00:00', 'Scheduled'),
(1102, 3, 1, '2024-11-10 16:00:00', '2024-11-10 18:00:00', 'Scheduled'),
(1103, 3, 1, '2024-11-11 16:00:00', '2024-11-11 18:00:00', 'Scheduled'),
(1104, 3, 1, '2024-11-12 16:00:00', '2024-11-12 18:00:00', 'Scheduled'),
(1105, 3, 1, '2024-11-13 16:00:00', '2024-11-13 18:00:00', 'Scheduled'),
(1106, 3, 1, '2024-11-14 16:00:00', '2024-11-14 18:00:00', 'Scheduled'),
(1107, 3, 1, '2024-11-15 16:00:00', '2024-11-15 18:00:00', 'Scheduled'),
(1108, 3, 1, '2024-11-16 16:00:00', '2024-11-16 18:00:00', 'Scheduled'),
(1109, 3, 1, '2024-11-17 16:00:00', '2024-11-17 18:00:00', 'Scheduled'),
(1110, 3, 1, '2024-11-18 16:00:00', '2024-11-18 18:00:00', 'Scheduled'),
(1111, 3, 1, '2024-11-19 16:00:00', '2024-11-19 18:00:00', 'Scheduled'),
(1112, 3, 1, '2024-11-20 16:00:00', '2024-11-20 18:00:00', 'Scheduled'),
(1113, 3, 1, '2024-11-21 16:00:00', '2024-11-21 18:00:00', 'Scheduled'),
(1114, 3, 1, '2024-11-22 16:00:00', '2024-11-22 18:00:00', 'Scheduled'),
(1115, 3, 1, '2024-11-23 16:00:00', '2024-11-23 18:00:00', 'Scheduled'),
(1116, 3, 1, '2024-11-24 16:00:00', '2024-11-24 18:00:00', 'Scheduled'),
(1117, 3, 1, '2024-11-25 16:00:00', '2024-11-25 18:00:00', 'Scheduled'),
(1118, 3, 1, '2024-11-26 16:00:00', '2024-11-26 18:00:00', 'Scheduled'),
(1119, 3, 1, '2024-11-27 16:00:00', '2024-11-27 18:00:00', 'Scheduled'),
(1120, 3, 1, '2024-11-28 16:00:00', '2024-11-28 18:00:00', 'Scheduled'),
(1121, 3, 1, '2024-11-29 16:00:00', '2024-11-29 18:00:00', 'Scheduled'),
(1122, 3, 1, '2024-11-30 16:00:00', '2024-11-30 18:00:00', 'Scheduled'),
(1123, 3, 1, '2024-12-01 16:00:00', '2024-12-01 18:00:00', 'Scheduled'),
(1124, 3, 1, '2024-12-02 16:00:00', '2024-12-02 18:00:00', 'Scheduled'),
(1125, 3, 1, '2024-12-03 16:00:00', '2024-12-03 18:00:00', 'Scheduled'),
(1126, 3, 1, '2024-12-04 16:00:00', '2024-12-04 18:00:00', 'Scheduled'),
(1127, 3, 1, '2024-12-05 16:00:00', '2024-12-05 18:00:00', 'Scheduled'),
(1128, 3, 1, '2024-12-06 16:00:00', '2024-12-06 18:00:00', 'Scheduled'),
(1129, 3, 1, '2024-12-07 16:00:00', '2024-12-07 18:00:00', 'Scheduled'),
(1130, 3, 1, '2024-12-08 16:00:00', '2024-12-08 18:00:00', 'Scheduled'),
(1131, 3, 1, '2024-12-09 16:00:00', '2024-12-09 18:00:00', 'Scheduled'),
(1132, 3, 1, '2024-12-10 16:00:00', '2024-12-10 18:00:00', 'Scheduled'),
(1133, 3, 1, '2024-12-11 16:00:00', '2024-12-11 18:00:00', 'Scheduled'),
(1134, 3, 1, '2024-12-12 16:00:00', '2024-12-12 18:00:00', 'Scheduled'),
(1135, 3, 1, '2024-12-13 16:00:00', '2024-12-13 18:00:00', 'Scheduled'),
(1136, 3, 1, '2024-12-14 16:00:00', '2024-12-14 18:00:00', 'Scheduled'),
(1137, 3, 1, '2024-12-15 16:00:00', '2024-12-15 18:00:00', 'Scheduled'),
(1138, 3, 1, '2024-12-16 16:00:00', '2024-12-16 18:00:00', 'Scheduled'),
(1139, 3, 1, '2024-12-17 16:00:00', '2024-12-17 18:00:00', 'Scheduled'),
(1140, 3, 1, '2024-12-18 16:00:00', '2024-12-18 18:00:00', 'Scheduled'),
(1141, 3, 1, '2024-12-19 16:00:00', '2024-12-19 18:00:00', 'Scheduled'),
(1142, 3, 1, '2024-12-20 16:00:00', '2024-12-20 18:00:00', 'Scheduled'),
(1143, 3, 1, '2024-12-21 16:00:00', '2024-12-21 18:00:00', 'Scheduled'),
(1144, 3, 1, '2024-12-22 16:00:00', '2024-12-22 18:00:00', 'Scheduled'),
(1145, 3, 1, '2024-12-23 16:00:00', '2024-12-23 18:00:00', 'Scheduled'),
(1146, 3, 1, '2024-12-24 16:00:00', '2024-12-24 18:00:00', 'Scheduled'),
(1147, 3, 1, '2024-12-25 16:00:00', '2024-12-25 18:00:00', 'Scheduled'),
(1148, 3, 1, '2024-12-26 16:00:00', '2024-12-26 18:00:00', 'Scheduled'),
(1149, 3, 1, '2024-12-27 16:00:00', '2024-12-27 18:00:00', 'Scheduled'),
(1150, 3, 1, '2024-12-28 16:00:00', '2024-12-28 18:00:00', 'Scheduled'),
(1151, 3, 1, '2024-12-29 16:00:00', '2024-12-29 18:00:00', 'Scheduled'),
(1152, 3, 1, '2024-12-30 16:00:00', '2024-12-30 18:00:00', 'Scheduled'),
(1153, 3, 1, '2024-12-31 16:00:00', '2024-12-31 18:00:00', 'Scheduled'),
(1154, 3, 1, '2025-01-01 16:00:00', '2025-01-01 18:00:00', 'Scheduled'),
(1155, 3, 1, '2025-01-02 16:00:00', '2025-01-02 18:00:00', 'Scheduled'),
(1156, 3, 1, '2025-01-03 16:00:00', '2025-01-03 18:00:00', 'Scheduled'),
(1157, 3, 1, '2025-01-04 16:00:00', '2025-01-04 18:00:00', 'Scheduled'),
(1158, 3, 1, '2025-01-05 16:00:00', '2025-01-05 18:00:00', 'Scheduled'),
(1159, 3, 1, '2025-01-06 16:00:00', '2025-01-06 18:00:00', 'Scheduled'),
(1160, 3, 1, '2025-01-07 16:00:00', '2025-01-07 18:00:00', 'Scheduled'),
(1161, 3, 1, '2025-01-08 16:00:00', '2025-01-08 18:00:00', 'Scheduled'),
(1162, 3, 1, '2025-01-09 16:00:00', '2025-01-09 18:00:00', 'Scheduled'),
(1163, 3, 1, '2025-01-10 16:00:00', '2025-01-10 18:00:00', 'Scheduled'),
(1164, 3, 1, '2025-01-11 16:00:00', '2025-01-11 18:00:00', 'Scheduled'),
(1165, 3, 1, '2025-01-12 16:00:00', '2025-01-12 18:00:00', 'Scheduled'),
(1166, 3, 1, '2025-01-13 16:00:00', '2025-01-13 18:00:00', 'Scheduled'),
(1167, 3, 1, '2025-01-14 16:00:00', '2025-01-14 18:00:00', 'Scheduled'),
(1168, 3, 1, '2025-01-15 16:00:00', '2025-01-15 18:00:00', 'Scheduled'),
(1169, 3, 1, '2025-01-16 16:00:00', '2025-01-16 18:00:00', 'Scheduled'),
(1170, 3, 1, '2025-01-17 16:00:00', '2025-01-17 18:00:00', 'Scheduled'),
(1171, 3, 1, '2025-01-18 16:00:00', '2025-01-18 18:00:00', 'Scheduled'),
(1172, 3, 1, '2025-01-19 16:00:00', '2025-01-19 18:00:00', 'Scheduled'),
(1173, 3, 1, '2025-01-20 16:00:00', '2025-01-20 18:00:00', 'Scheduled'),
(1174, 3, 1, '2025-01-21 16:00:00', '2025-01-21 18:00:00', 'Scheduled'),
(1175, 3, 1, '2025-01-22 16:00:00', '2025-01-22 18:00:00', 'Scheduled'),
(1176, 3, 1, '2025-01-23 16:00:00', '2025-01-23 18:00:00', 'Scheduled'),
(1177, 3, 1, '2025-01-24 16:00:00', '2025-01-24 18:00:00', 'Scheduled'),
(1178, 3, 1, '2025-01-25 16:00:00', '2025-01-25 18:00:00', 'Scheduled'),
(1179, 3, 1, '2025-01-26 16:00:00', '2025-01-26 18:00:00', 'Scheduled'),
(1180, 3, 1, '2025-01-27 16:00:00', '2025-01-27 18:00:00', 'Scheduled'),
(1181, 3, 1, '2025-01-28 16:00:00', '2025-01-28 18:00:00', 'Scheduled'),
(1182, 3, 1, '2025-01-29 16:00:00', '2025-01-29 18:00:00', 'Scheduled'),
(1183, 3, 1, '2025-01-30 16:00:00', '2025-01-30 18:00:00', 'Scheduled'),
(1184, 3, 1, '2025-01-31 16:00:00', '2025-01-31 18:00:00', 'Scheduled'),
(1185, 3, 1, '2025-02-01 16:00:00', '2025-02-01 18:00:00', 'Scheduled'),
(1186, 3, 1, '2025-02-02 16:00:00', '2025-02-02 18:00:00', 'Scheduled'),
(1187, 3, 1, '2025-02-03 16:00:00', '2025-02-03 18:00:00', 'Scheduled'),
(1188, 3, 1, '2025-02-04 16:00:00', '2025-02-04 18:00:00', 'Scheduled'),
(1189, 3, 1, '2025-02-05 16:00:00', '2025-02-05 18:00:00', 'Scheduled'),
(1190, 3, 1, '2025-02-06 16:00:00', '2025-02-06 18:00:00', 'Scheduled'),
(1191, 3, 1, '2025-02-07 16:00:00', '2025-02-07 18:00:00', 'Scheduled'),
(1192, 3, 1, '2025-02-08 16:00:00', '2025-02-08 18:00:00', 'Scheduled'),
(1193, 3, 1, '2025-02-09 16:00:00', '2025-02-09 18:00:00', 'Scheduled'),
(1194, 3, 1, '2025-02-10 16:00:00', '2025-02-10 18:00:00', 'Scheduled'),
(1195, 3, 1, '2025-02-11 16:00:00', '2025-02-11 18:00:00', 'Scheduled'),
(1196, 3, 1, '2025-02-12 16:00:00', '2025-02-12 18:00:00', 'Scheduled'),
(1197, 3, 1, '2025-02-13 16:00:00', '2025-02-13 18:00:00', 'Scheduled'),
(1198, 3, 1, '2025-02-14 16:00:00', '2025-02-14 18:00:00', 'Scheduled'),
(1199, 3, 1, '2025-02-15 16:00:00', '2025-02-15 18:00:00', 'Scheduled'),
(1200, 3, 1, '2025-02-16 16:00:00', '2025-02-16 18:00:00', 'Scheduled'),
(1201, 3, 1, '2025-02-17 16:00:00', '2025-02-17 18:00:00', 'Scheduled'),
(1202, 3, 1, '2025-02-18 16:00:00', '2025-02-18 18:00:00', 'Scheduled'),
(1203, 3, 1, '2025-02-19 16:00:00', '2025-02-19 18:00:00', 'Scheduled'),
(1204, 3, 1, '2025-02-20 16:00:00', '2025-02-20 18:00:00', 'Scheduled'),
(1205, 3, 1, '2025-02-21 16:00:00', '2025-02-21 18:00:00', 'Scheduled'),
(1206, 3, 1, '2025-02-22 16:00:00', '2025-02-22 18:00:00', 'Scheduled'),
(1207, 3, 1, '2025-02-23 16:00:00', '2025-02-23 18:00:00', 'Scheduled'),
(1208, 3, 1, '2025-02-24 16:00:00', '2025-02-24 18:00:00', 'Scheduled'),
(1209, 3, 1, '2025-02-25 16:00:00', '2025-02-25 18:00:00', 'Scheduled'),
(1210, 3, 1, '2025-02-26 16:00:00', '2025-02-26 18:00:00', 'Scheduled'),
(1211, 3, 1, '2025-02-27 16:00:00', '2025-02-27 18:00:00', 'Scheduled'),
(1212, 3, 1, '2025-02-28 16:00:00', '2025-02-28 18:00:00', 'Scheduled'),
(1213, 3, 1, '2025-03-01 16:00:00', '2025-03-01 18:00:00', 'Scheduled'),
(1214, 3, 1, '2025-03-02 16:00:00', '2025-03-02 18:00:00', 'Scheduled'),
(1215, 3, 1, '2025-03-03 16:00:00', '2025-03-03 18:00:00', 'Scheduled'),
(1216, 3, 1, '2025-03-04 16:00:00', '2025-03-04 18:00:00', 'Scheduled'),
(1217, 3, 1, '2025-03-05 16:00:00', '2025-03-05 18:00:00', 'Scheduled'),
(1218, 3, 1, '2025-03-06 16:00:00', '2025-03-06 18:00:00', 'Scheduled'),
(1219, 3, 1, '2025-03-07 16:00:00', '2025-03-07 18:00:00', 'Scheduled'),
(1220, 3, 1, '2025-03-08 16:00:00', '2025-03-08 18:00:00', 'Scheduled'),
(1221, 3, 1, '2025-03-09 16:00:00', '2025-03-09 18:00:00', 'Scheduled'),
(1222, 3, 1, '2025-03-10 16:00:00', '2025-03-10 18:00:00', 'Scheduled'),
(1223, 3, 1, '2025-03-11 16:00:00', '2025-03-11 18:00:00', 'Scheduled'),
(1224, 3, 1, '2025-03-12 16:00:00', '2025-03-12 18:00:00', 'Scheduled'),
(1225, 3, 1, '2025-03-13 16:00:00', '2025-03-13 18:00:00', 'Scheduled'),
(1226, 3, 1, '2025-03-14 16:00:00', '2025-03-14 18:00:00', 'Scheduled'),
(1227, 3, 1, '2025-03-15 16:00:00', '2025-03-15 18:00:00', 'Scheduled'),
(1228, 3, 1, '2025-03-16 16:00:00', '2025-03-16 18:00:00', 'Scheduled'),
(1229, 3, 1, '2025-03-17 16:00:00', '2025-03-17 18:00:00', 'Scheduled'),
(1230, 3, 1, '2025-03-18 16:00:00', '2025-03-18 18:00:00', 'Scheduled'),
(1231, 3, 1, '2025-03-19 16:00:00', '2025-03-19 18:00:00', 'Scheduled'),
(1232, 3, 1, '2025-03-20 16:00:00', '2025-03-20 18:00:00', 'Scheduled'),
(1233, 3, 1, '2025-03-21 16:00:00', '2025-03-21 18:00:00', 'Scheduled'),
(1234, 3, 1, '2025-03-22 16:00:00', '2025-03-22 18:00:00', 'Scheduled'),
(1235, 3, 1, '2025-03-23 16:00:00', '2025-03-23 18:00:00', 'Scheduled'),
(1236, 3, 1, '2025-03-24 16:00:00', '2025-03-24 18:00:00', 'Scheduled'),
(1237, 3, 1, '2025-03-25 16:00:00', '2025-03-25 18:00:00', 'Scheduled'),
(1238, 3, 1, '2025-03-26 16:00:00', '2025-03-26 18:00:00', 'Scheduled'),
(1239, 3, 1, '2025-03-27 16:00:00', '2025-03-27 18:00:00', 'Scheduled'),
(1240, 3, 1, '2025-03-28 16:00:00', '2025-03-28 18:00:00', 'Scheduled'),
(1241, 3, 1, '2025-03-29 16:00:00', '2025-03-29 18:00:00', 'Scheduled'),
(1242, 3, 1, '2025-03-30 16:00:00', '2025-03-30 18:00:00', 'Scheduled'),
(1243, 3, 1, '2025-03-31 16:00:00', '2025-03-31 18:00:00', 'Scheduled'),
(1244, 3, 1, '2025-04-01 16:00:00', '2025-04-01 18:00:00', 'Scheduled'),
(1245, 3, 1, '2025-04-02 16:00:00', '2025-04-02 18:00:00', 'Scheduled'),
(1246, 3, 1, '2025-04-03 16:00:00', '2025-04-03 18:00:00', 'Scheduled'),
(1247, 3, 1, '2025-04-04 16:00:00', '2025-04-04 18:00:00', 'Scheduled'),
(1248, 3, 1, '2025-04-05 16:00:00', '2025-04-05 18:00:00', 'Scheduled'),
(1249, 3, 1, '2025-04-06 16:00:00', '2025-04-06 18:00:00', 'Scheduled'),
(1250, 3, 1, '2025-04-07 16:00:00', '2025-04-07 18:00:00', 'Scheduled'),
(1251, 3, 1, '2025-04-08 16:00:00', '2025-04-08 18:00:00', 'Scheduled'),
(1252, 3, 1, '2025-04-09 16:00:00', '2025-04-09 18:00:00', 'Scheduled'),
(1253, 3, 1, '2025-04-10 16:00:00', '2025-04-10 18:00:00', 'Scheduled'),
(1254, 3, 1, '2025-04-11 16:00:00', '2025-04-11 18:00:00', 'Scheduled'),
(1255, 3, 1, '2025-04-12 16:00:00', '2025-04-12 18:00:00', 'Scheduled'),
(1256, 3, 1, '2025-04-13 16:00:00', '2025-04-13 18:00:00', 'Scheduled'),
(1257, 3, 1, '2025-04-14 16:00:00', '2025-04-14 18:00:00', 'Scheduled'),
(1258, 3, 1, '2025-04-15 16:00:00', '2025-04-15 18:00:00', 'Scheduled'),
(1259, 3, 1, '2025-04-16 16:00:00', '2025-04-16 18:00:00', 'Scheduled'),
(1260, 3, 1, '2025-04-17 16:00:00', '2025-04-17 18:00:00', 'Scheduled'),
(1261, 3, 1, '2025-04-18 16:00:00', '2025-04-18 18:00:00', 'Scheduled'),
(1262, 3, 1, '2025-04-19 16:00:00', '2025-04-19 18:00:00', 'Scheduled'),
(1263, 3, 1, '2025-04-20 16:00:00', '2025-04-20 18:00:00', 'Scheduled'),
(1264, 3, 1, '2025-04-21 16:00:00', '2025-04-21 18:00:00', 'Scheduled'),
(1265, 3, 1, '2025-04-22 16:00:00', '2025-04-22 18:00:00', 'Scheduled'),
(1266, 3, 1, '2025-04-23 16:00:00', '2025-04-23 18:00:00', 'Scheduled'),
(1267, 3, 1, '2025-04-24 16:00:00', '2025-04-24 18:00:00', 'Scheduled'),
(1268, 3, 1, '2025-04-25 16:00:00', '2025-04-25 18:00:00', 'Scheduled'),
(1269, 3, 1, '2025-04-26 16:00:00', '2025-04-26 18:00:00', 'Scheduled'),
(1270, 3, 1, '2025-04-27 16:00:00', '2025-04-27 18:00:00', 'Scheduled'),
(1271, 3, 1, '2025-04-28 16:00:00', '2025-04-28 18:00:00', 'Scheduled'),
(1272, 3, 1, '2025-04-29 16:00:00', '2025-04-29 18:00:00', 'Scheduled'),
(1273, 3, 1, '2025-04-30 16:00:00', '2025-04-30 18:00:00', 'Scheduled'),
(1274, 3, 1, '2025-05-01 16:00:00', '2025-05-01 18:00:00', 'Scheduled'),
(1275, 3, 1, '2025-05-02 16:00:00', '2025-05-02 18:00:00', 'Scheduled'),
(1276, 3, 1, '2025-05-03 16:00:00', '2025-05-03 18:00:00', 'Scheduled'),
(1277, 3, 1, '2025-05-04 16:00:00', '2025-05-04 18:00:00', 'Scheduled'),
(1278, 3, 1, '2025-05-05 16:00:00', '2025-05-05 18:00:00', 'Scheduled'),
(1279, 3, 1, '2025-05-06 16:00:00', '2025-05-06 18:00:00', 'Scheduled'),
(1280, 3, 1, '2025-05-07 16:00:00', '2025-05-07 18:00:00', 'Scheduled'),
(1281, 3, 1, '2025-05-08 16:00:00', '2025-05-08 18:00:00', 'Scheduled'),
(1282, 3, 1, '2025-05-09 16:00:00', '2025-05-09 18:00:00', 'Scheduled'),
(1283, 3, 1, '2025-05-10 16:00:00', '2025-05-10 18:00:00', 'Scheduled'),
(1284, 3, 1, '2025-05-11 16:00:00', '2025-05-11 18:00:00', 'Scheduled'),
(1285, 3, 1, '2025-05-12 16:00:00', '2025-05-12 18:00:00', 'Scheduled'),
(1286, 3, 1, '2025-05-13 16:00:00', '2025-05-13 18:00:00', 'Scheduled'),
(1287, 3, 1, '2025-05-14 16:00:00', '2025-05-14 18:00:00', 'Scheduled'),
(1288, 3, 1, '2025-05-15 16:00:00', '2025-05-15 18:00:00', 'Scheduled'),
(1289, 3, 1, '2025-05-16 16:00:00', '2025-05-16 18:00:00', 'Scheduled'),
(1290, 3, 1, '2025-05-17 16:00:00', '2025-05-17 18:00:00', 'Scheduled'),
(1291, 3, 1, '2025-05-18 16:00:00', '2025-05-18 18:00:00', 'Scheduled'),
(1292, 3, 1, '2025-05-19 16:00:00', '2025-05-19 18:00:00', 'Scheduled'),
(1293, 3, 1, '2025-05-20 16:00:00', '2025-05-20 18:00:00', 'Scheduled'),
(1294, 3, 1, '2025-05-21 16:00:00', '2025-05-21 18:00:00', 'Scheduled'),
(1295, 3, 1, '2025-05-22 16:00:00', '2025-05-22 18:00:00', 'Scheduled'),
(1296, 3, 1, '2025-05-23 16:00:00', '2025-05-23 18:00:00', 'Scheduled'),
(1297, 3, 1, '2025-05-24 16:00:00', '2025-05-24 18:00:00', 'Scheduled'),
(1298, 3, 1, '2025-05-25 16:00:00', '2025-05-25 18:00:00', 'Scheduled'),
(1299, 3, 1, '2025-05-26 16:00:00', '2025-05-26 18:00:00', 'Scheduled'),
(1300, 3, 1, '2025-05-27 16:00:00', '2025-05-27 18:00:00', 'Scheduled'),
(1301, 3, 1, '2025-05-28 16:00:00', '2025-05-28 18:00:00', 'Scheduled'),
(1302, 3, 1, '2025-05-29 16:00:00', '2025-05-29 18:00:00', 'Scheduled'),
(1303, 3, 1, '2025-05-30 16:00:00', '2025-05-30 18:00:00', 'Scheduled'),
(1304, 3, 1, '2025-05-31 16:00:00', '2025-05-31 18:00:00', 'Scheduled'),
(1305, 3, 1, '2025-06-01 16:00:00', '2025-06-01 18:00:00', 'Scheduled'),
(1306, 3, 1, '2025-06-02 16:00:00', '2025-06-02 18:00:00', 'Scheduled'),
(1307, 3, 1, '2025-06-03 16:00:00', '2025-06-03 18:00:00', 'Scheduled'),
(1308, 3, 1, '2025-06-04 16:00:00', '2025-06-04 18:00:00', 'Scheduled'),
(1309, 3, 1, '2025-06-05 16:00:00', '2025-06-05 18:00:00', 'Scheduled'),
(1310, 3, 1, '2025-06-06 16:00:00', '2025-06-06 18:00:00', 'Scheduled'),
(1311, 3, 1, '2025-06-07 16:00:00', '2025-06-07 18:00:00', 'Scheduled'),
(1312, 3, 1, '2025-06-08 16:00:00', '2025-06-08 18:00:00', 'Scheduled'),
(1313, 3, 1, '2025-06-09 16:00:00', '2025-06-09 18:00:00', 'Scheduled'),
(1314, 3, 1, '2025-06-10 16:00:00', '2025-06-10 18:00:00', 'Scheduled'),
(1315, 3, 1, '2025-06-11 16:00:00', '2025-06-11 18:00:00', 'Scheduled'),
(1316, 3, 1, '2025-06-12 16:00:00', '2025-06-12 18:00:00', 'Scheduled'),
(1317, 3, 1, '2025-06-13 16:00:00', '2025-06-13 18:00:00', 'Scheduled'),
(1318, 3, 1, '2025-06-14 16:00:00', '2025-06-14 18:00:00', 'Scheduled'),
(1319, 3, 1, '2025-06-15 16:00:00', '2025-06-15 18:00:00', 'Scheduled'),
(1320, 3, 1, '2025-06-16 16:00:00', '2025-06-16 18:00:00', 'Scheduled'),
(1321, 3, 1, '2025-06-17 16:00:00', '2025-06-17 18:00:00', 'Scheduled'),
(1322, 3, 1, '2025-06-18 16:00:00', '2025-06-18 18:00:00', 'Scheduled'),
(1323, 3, 1, '2025-06-19 16:00:00', '2025-06-19 18:00:00', 'Scheduled'),
(1324, 3, 1, '2025-06-20 16:00:00', '2025-06-20 18:00:00', 'Scheduled'),
(1325, 3, 1, '2025-06-21 16:00:00', '2025-06-21 18:00:00', 'Scheduled'),
(1326, 3, 1, '2025-06-22 16:00:00', '2025-06-22 18:00:00', 'Scheduled'),
(1327, 3, 1, '2025-06-23 16:00:00', '2025-06-23 18:00:00', 'Scheduled'),
(1328, 3, 1, '2025-06-24 16:00:00', '2025-06-24 18:00:00', 'Scheduled'),
(1329, 3, 1, '2025-06-25 16:00:00', '2025-06-25 18:00:00', 'Scheduled'),
(1330, 3, 1, '2025-06-26 16:00:00', '2025-06-26 18:00:00', 'Scheduled'),
(1331, 3, 1, '2025-06-27 16:00:00', '2025-06-27 18:00:00', 'Scheduled'),
(1332, 3, 1, '2025-06-28 16:00:00', '2025-06-28 18:00:00', 'Scheduled'),
(1333, 3, 1, '2025-06-29 16:00:00', '2025-06-29 18:00:00', 'Scheduled'),
(1334, 3, 1, '2025-06-30 16:00:00', '2025-06-30 18:00:00', 'Scheduled'),
(1335, 3, 1, '2025-07-01 16:00:00', '2025-07-01 18:00:00', 'Scheduled'),
(1336, 3, 1, '2025-07-02 16:00:00', '2025-07-02 18:00:00', 'Scheduled'),
(1337, 3, 1, '2025-07-03 16:00:00', '2025-07-03 18:00:00', 'Scheduled'),
(1338, 3, 1, '2025-07-04 16:00:00', '2025-07-04 18:00:00', 'Scheduled'),
(1339, 3, 1, '2025-07-05 16:00:00', '2025-07-05 18:00:00', 'Scheduled'),
(1340, 3, 1, '2025-07-06 16:00:00', '2025-07-06 18:00:00', 'Scheduled'),
(1341, 3, 1, '2025-07-07 16:00:00', '2025-07-07 18:00:00', 'Scheduled'),
(1342, 3, 1, '2025-07-08 16:00:00', '2025-07-08 18:00:00', 'Scheduled'),
(1343, 3, 1, '2025-07-09 16:00:00', '2025-07-09 18:00:00', 'Scheduled'),
(1344, 3, 1, '2025-07-10 16:00:00', '2025-07-10 18:00:00', 'Scheduled'),
(1345, 3, 1, '2025-07-11 16:00:00', '2025-07-11 18:00:00', 'Scheduled'),
(1346, 3, 1, '2025-07-12 16:00:00', '2025-07-12 18:00:00', 'Scheduled'),
(1347, 3, 1, '2025-07-13 16:00:00', '2025-07-13 18:00:00', 'Scheduled'),
(1348, 3, 1, '2025-07-14 16:00:00', '2025-07-14 18:00:00', 'Scheduled'),
(1349, 3, 1, '2025-07-15 16:00:00', '2025-07-15 18:00:00', 'Scheduled'),
(1350, 3, 1, '2025-07-16 16:00:00', '2025-07-16 18:00:00', 'Scheduled'),
(1351, 3, 1, '2025-07-17 16:00:00', '2025-07-17 18:00:00', 'Scheduled'),
(1352, 3, 1, '2025-07-18 16:00:00', '2025-07-18 18:00:00', 'Scheduled'),
(1353, 3, 1, '2025-07-19 16:00:00', '2025-07-19 18:00:00', 'Scheduled'),
(1354, 3, 1, '2025-07-20 16:00:00', '2025-07-20 18:00:00', 'Scheduled'),
(1355, 3, 1, '2025-07-21 16:00:00', '2025-07-21 18:00:00', 'Scheduled'),
(1356, 3, 1, '2025-07-22 16:00:00', '2025-07-22 18:00:00', 'Scheduled'),
(1357, 3, 1, '2025-07-23 16:00:00', '2025-07-23 18:00:00', 'Scheduled'),
(1358, 3, 1, '2025-07-24 16:00:00', '2025-07-24 18:00:00', 'Scheduled'),
(1359, 3, 1, '2025-07-25 16:00:00', '2025-07-25 18:00:00', 'Scheduled'),
(1360, 3, 1, '2025-07-26 16:00:00', '2025-07-26 18:00:00', 'Scheduled'),
(1361, 3, 1, '2025-07-27 16:00:00', '2025-07-27 18:00:00', 'Scheduled'),
(1362, 3, 1, '2025-07-28 16:00:00', '2025-07-28 18:00:00', 'Scheduled'),
(1363, 3, 1, '2025-07-29 16:00:00', '2025-07-29 18:00:00', 'Scheduled'),
(1364, 3, 1, '2025-07-30 16:00:00', '2025-07-30 18:00:00', 'Scheduled'),
(1365, 3, 1, '2025-07-31 16:00:00', '2025-07-31 18:00:00', 'Scheduled'),
(1366, 3, 1, '2025-08-01 16:00:00', '2025-08-01 18:00:00', 'Scheduled'),
(1367, 3, 1, '2025-08-02 16:00:00', '2025-08-02 18:00:00', 'Scheduled'),
(1368, 3, 1, '2025-08-03 16:00:00', '2025-08-03 18:00:00', 'Scheduled'),
(1369, 3, 1, '2025-08-04 16:00:00', '2025-08-04 18:00:00', 'Scheduled'),
(1370, 3, 1, '2025-08-05 16:00:00', '2025-08-05 18:00:00', 'Scheduled'),
(1371, 3, 1, '2025-08-06 16:00:00', '2025-08-06 18:00:00', 'Scheduled'),
(1372, 3, 1, '2025-08-07 16:00:00', '2025-08-07 18:00:00', 'Scheduled'),
(1373, 3, 1, '2025-08-08 16:00:00', '2025-08-08 18:00:00', 'Scheduled'),
(1374, 3, 1, '2025-08-09 16:00:00', '2025-08-09 18:00:00', 'Scheduled'),
(1375, 3, 1, '2025-08-10 16:00:00', '2025-08-10 18:00:00', 'Scheduled'),
(1376, 3, 1, '2025-08-11 16:00:00', '2025-08-11 18:00:00', 'Scheduled'),
(1377, 3, 1, '2025-08-12 16:00:00', '2025-08-12 18:00:00', 'Scheduled'),
(1378, 3, 1, '2025-08-13 16:00:00', '2025-08-13 18:00:00', 'Scheduled'),
(1379, 3, 1, '2025-08-14 16:00:00', '2025-08-14 18:00:00', 'Scheduled'),
(1380, 3, 1, '2025-08-15 16:00:00', '2025-08-15 18:00:00', 'Scheduled'),
(1381, 3, 1, '2025-08-16 16:00:00', '2025-08-16 18:00:00', 'Scheduled'),
(1382, 3, 1, '2025-08-17 16:00:00', '2025-08-17 18:00:00', 'Scheduled'),
(1383, 3, 1, '2025-08-18 16:00:00', '2025-08-18 18:00:00', 'Scheduled'),
(1384, 3, 1, '2025-08-19 16:00:00', '2025-08-19 18:00:00', 'Scheduled'),
(1385, 3, 1, '2025-08-20 16:00:00', '2025-08-20 18:00:00', 'Scheduled'),
(1386, 3, 1, '2025-08-21 16:00:00', '2025-08-21 18:00:00', 'Scheduled'),
(1387, 3, 1, '2025-08-22 16:00:00', '2025-08-22 18:00:00', 'Scheduled'),
(1388, 3, 1, '2025-08-23 16:00:00', '2025-08-23 18:00:00', 'Scheduled'),
(1389, 3, 1, '2025-08-24 16:00:00', '2025-08-24 18:00:00', 'Scheduled'),
(1390, 3, 1, '2025-08-25 16:00:00', '2025-08-25 18:00:00', 'Scheduled'),
(1391, 3, 1, '2025-08-26 16:00:00', '2025-08-26 18:00:00', 'Scheduled'),
(1392, 3, 1, '2025-08-27 16:00:00', '2025-08-27 18:00:00', 'Scheduled'),
(1393, 3, 1, '2025-08-28 16:00:00', '2025-08-28 18:00:00', 'Scheduled'),
(1394, 3, 1, '2025-08-29 16:00:00', '2025-08-29 18:00:00', 'Scheduled'),
(1395, 3, 1, '2025-08-30 16:00:00', '2025-08-30 18:00:00', 'Scheduled'),
(1396, 3, 1, '2025-08-31 16:00:00', '2025-08-31 18:00:00', 'Scheduled'),
(1397, 3, 1, '2025-09-01 16:00:00', '2025-09-01 18:00:00', 'Scheduled'),
(1398, 3, 1, '2025-09-02 16:00:00', '2025-09-02 18:00:00', 'Scheduled'),
(1399, 3, 1, '2025-09-03 16:00:00', '2025-09-03 18:00:00', 'Scheduled'),
(1400, 3, 1, '2025-09-04 16:00:00', '2025-09-04 18:00:00', 'Scheduled'),
(1401, 3, 1, '2025-09-05 16:00:00', '2025-09-05 18:00:00', 'Scheduled'),
(1402, 3, 1, '2025-09-06 16:00:00', '2025-09-06 18:00:00', 'Scheduled'),
(1403, 3, 1, '2025-09-07 16:00:00', '2025-09-07 18:00:00', 'Scheduled'),
(1404, 3, 1, '2025-09-08 16:00:00', '2025-09-08 18:00:00', 'Scheduled'),
(1405, 3, 1, '2025-09-09 16:00:00', '2025-09-09 18:00:00', 'Scheduled'),
(1406, 3, 1, '2025-09-10 16:00:00', '2025-09-10 18:00:00', 'Scheduled'),
(1407, 3, 1, '2025-09-11 16:00:00', '2025-09-11 18:00:00', 'Scheduled'),
(1408, 3, 1, '2025-09-12 16:00:00', '2025-09-12 18:00:00', 'Scheduled'),
(1409, 3, 1, '2025-09-13 16:00:00', '2025-09-13 18:00:00', 'Scheduled'),
(1410, 3, 1, '2025-09-14 16:00:00', '2025-09-14 18:00:00', 'Scheduled'),
(1411, 3, 1, '2025-09-15 16:00:00', '2025-09-15 18:00:00', 'Scheduled'),
(1412, 3, 1, '2025-09-16 16:00:00', '2025-09-16 18:00:00', 'Scheduled'),
(1413, 3, 1, '2025-09-17 16:00:00', '2025-09-17 18:00:00', 'Scheduled'),
(1414, 3, 1, '2025-09-18 16:00:00', '2025-09-18 18:00:00', 'Scheduled'),
(1415, 3, 1, '2025-09-19 16:00:00', '2025-09-19 18:00:00', 'Scheduled'),
(1416, 3, 1, '2025-09-20 16:00:00', '2025-09-20 18:00:00', 'Scheduled'),
(1417, 3, 1, '2025-09-21 16:00:00', '2025-09-21 18:00:00', 'Scheduled'),
(1418, 3, 1, '2025-09-22 16:00:00', '2025-09-22 18:00:00', 'Scheduled'),
(1419, 3, 1, '2025-09-23 16:00:00', '2025-09-23 18:00:00', 'Scheduled'),
(1420, 3, 1, '2025-09-24 16:00:00', '2025-09-24 18:00:00', 'Scheduled'),
(1421, 3, 1, '2025-09-25 16:00:00', '2025-09-25 18:00:00', 'Scheduled'),
(1422, 3, 1, '2025-09-26 16:00:00', '2025-09-26 18:00:00', 'Scheduled'),
(1423, 3, 1, '2025-09-27 16:00:00', '2025-09-27 18:00:00', 'Scheduled'),
(1424, 3, 1, '2025-09-28 16:00:00', '2025-09-28 18:00:00', 'Scheduled'),
(1425, 3, 1, '2025-09-29 16:00:00', '2025-09-29 18:00:00', 'Scheduled'),
(1426, 3, 1, '2025-09-30 16:00:00', '2025-09-30 18:00:00', 'Scheduled'),
(1427, 3, 1, '2025-10-01 16:00:00', '2025-10-01 18:00:00', 'Scheduled'),
(1428, 3, 1, '2025-10-02 16:00:00', '2025-10-02 18:00:00', 'Scheduled'),
(1429, 3, 1, '2025-10-03 16:00:00', '2025-10-03 18:00:00', 'Scheduled'),
(1430, 3, 1, '2025-10-04 16:00:00', '2025-10-04 18:00:00', 'Scheduled'),
(1431, 3, 1, '2025-10-05 16:00:00', '2025-10-05 18:00:00', 'Scheduled'),
(1432, 3, 1, '2025-10-06 16:00:00', '2025-10-06 18:00:00', 'Scheduled'),
(1433, 3, 1, '2025-10-07 16:00:00', '2025-10-07 18:00:00', 'Scheduled'),
(1434, 3, 1, '2025-10-08 16:00:00', '2025-10-08 18:00:00', 'Scheduled'),
(1435, 3, 1, '2025-10-09 16:00:00', '2025-10-09 18:00:00', 'Scheduled'),
(1436, 3, 1, '2025-10-10 16:00:00', '2025-10-10 18:00:00', 'Scheduled'),
(1437, 3, 1, '2025-10-11 16:00:00', '2025-10-11 18:00:00', 'Scheduled'),
(1438, 3, 1, '2025-10-12 16:00:00', '2025-10-12 18:00:00', 'Scheduled'),
(1439, 3, 1, '2025-10-13 16:00:00', '2025-10-13 18:00:00', 'Scheduled'),
(1440, 3, 1, '2025-10-14 16:00:00', '2025-10-14 18:00:00', 'Scheduled'),
(1441, 3, 1, '2025-10-15 16:00:00', '2025-10-15 18:00:00', 'Scheduled'),
(1442, 3, 1, '2025-10-16 16:00:00', '2025-10-16 18:00:00', 'Scheduled'),
(1443, 3, 1, '2025-10-17 16:00:00', '2025-10-17 18:00:00', 'Scheduled'),
(1444, 3, 1, '2025-10-18 16:00:00', '2025-10-18 18:00:00', 'Scheduled'),
(1445, 3, 1, '2025-10-19 16:00:00', '2025-10-19 18:00:00', 'Scheduled'),
(1446, 3, 1, '2025-10-20 16:00:00', '2025-10-20 18:00:00', 'Scheduled'),
(1447, 3, 1, '2025-10-21 16:00:00', '2025-10-21 18:00:00', 'Scheduled'),
(1448, 3, 1, '2025-10-22 16:00:00', '2025-10-22 18:00:00', 'Scheduled'),
(1449, 3, 1, '2025-10-23 16:00:00', '2025-10-23 18:00:00', 'Scheduled'),
(1450, 3, 1, '2025-10-24 16:00:00', '2025-10-24 18:00:00', 'Scheduled'),
(1451, 3, 1, '2025-10-25 16:00:00', '2025-10-25 18:00:00', 'Scheduled'),
(1452, 3, 1, '2025-10-26 16:00:00', '2025-10-26 18:00:00', 'Scheduled'),
(1453, 3, 1, '2025-10-27 16:00:00', '2025-10-27 18:00:00', 'Scheduled'),
(1454, 3, 1, '2025-10-28 16:00:00', '2025-10-28 18:00:00', 'Scheduled'),
(1455, 3, 1, '2025-10-29 16:00:00', '2025-10-29 18:00:00', 'Scheduled'),
(1456, 3, 1, '2025-10-30 16:00:00', '2025-10-30 18:00:00', 'Scheduled'),
(1457, 3, 1, '2025-10-31 16:00:00', '2025-10-31 18:00:00', 'Scheduled'),
(1458, 3, 1, '2025-11-01 16:00:00', '2025-11-01 18:00:00', 'Scheduled'),
(1459, 3, 1, '2025-11-02 16:00:00', '2025-11-02 18:00:00', 'Scheduled'),
(1460, 3, 1, '2025-11-03 16:00:00', '2025-11-03 18:00:00', 'Scheduled'),
(1461, 3, 1, '2025-11-04 16:00:00', '2025-11-04 18:00:00', 'Scheduled'),
(1462, 3, 1, '2025-11-05 16:00:00', '2025-11-05 18:00:00', 'Scheduled'),
(1463, 3, 1, '2025-11-06 16:00:00', '2025-11-06 18:00:00', 'Scheduled'),
(1464, 3, 1, '2025-11-07 16:00:00', '2025-11-07 18:00:00', 'Scheduled');

-- --------------------------------------------------------

--
-- Table structure for table `seats`
--

CREATE TABLE `seats` (
  `seat_id` int(11) NOT NULL,
  `boat_id` int(11) NOT NULL,
  `seat_number` varchar(50) NOT NULL,
  `type` varchar(50) NOT NULL DEFAULT 'Regular'
) ENGINE=InnoDB DEFAULT CHARSET=utf8mb4 COLLATE=utf8mb4_general_ci;

--
-- Dumping data for table `seats`
--

INSERT INTO `seats` (`seat_id`, `boat_id`, `seat_number`, `type`) VALUES
(1, 1, '1', 'Standard'),
(2, 1, '2', 'Standard'),
(3, 1, '3', 'Standard'),
(4, 1, '4', 'Standard'),
(5, 1, '5', 'Standard'),
(6, 1, '6', 'Standard'),
(7, 1, '7', 'Standard'),
(8, 1, '8', 'Standard'),
(9, 1, '9', 'Standard'),
(10, 1, '10', 'Standard'),
(11, 1, '11', 'Standard'),
(12, 1, '11', 'Standard'),
(13, 1, '13', 'Standard'),
(61, 1, '14', 'Regular'),
(62, 1, '15', 'Regular'),
(63, 1, '16', 'Regular'),
(64, 1, '17', 'Regular'),
(65, 1, '18', 'Regular'),
(66, 1, '19', 'Regular'),
(67, 1, '20', 'Regular'),
(68, 1, '21', 'Regular'),
(69, 1, '22', 'Regular'),
(70, 1, '23', 'Regular'),
(71, 1, '24', 'Regular'),
(72, 1, '25', 'Regular'),
(73, 1, '26', 'Regular'),
(74, 1, '27', 'Regular'),
(75, 1, '28', 'Vip'),
(76, 1, '29', 'Regular'),
(77, 1, '30', 'Regular'),
(78, 1, '31', 'Regular'),
(79, 1, '32', 'Regular'),
(80, 1, '33', 'Regular'),
(81, 1, '34', 'Regular'),
(82, 1, '35', 'Regular'),
(83, 1, '99', 'Regular'),
(84, 1, '37', 'Regular'),
(85, 1, '38', 'Regular'),
(86, 1, '39', 'Regular'),
(87, 1, '40', 'Regular'),
(88, 1, '41', 'Regular'),
(89, 1, '42', 'Regular'),
(90, 1, '43', 'Regular'),
(91, 1, '44', 'Regular'),
(92, 1, '45', 'Regular'),
(93, 1, '46', 'Regular'),
(94, 1, '47', 'Regular'),
(95, 1, '48', 'Regular'),
(96, 1, '49', 'Regular'),
(98, 1, '51', 'Regular'),
(99, 1, '52', 'Regular'),
(100, 1, '53', 'Regular'),
(101, 1, '54', 'Regular'),
(102, 1, '55', 'Regular'),
(103, 1, '56', 'Regular'),
(104, 1, '57', 'Regular'),
(105, 1, '58', 'Regular'),
(106, 1, '59', 'Regular'),
(107, 1, '60', 'Regular'),
(108, 2, '1', 'Regular'),
(109, 2, '2', 'Regular'),
(110, 2, '3', 'Regular'),
(111, 2, '4', 'Regular'),
(112, 2, '5', 'Regular'),
(113, 2, '6', 'Regular'),
(114, 2, '7', 'Regular'),
(115, 2, '8', 'Regular'),
(116, 2, '9', 'Regular'),
(117, 2, '10', 'Regular'),
(118, 2, '11', 'Regular'),
(119, 2, '12', 'Regular'),
(120, 2, '13', 'Regular'),
(121, 2, '14', 'Regular'),
(122, 2, '15', 'Regular'),
(123, 2, '16', 'Regular'),
(124, 2, '17', 'Regular'),
(125, 2, '18', 'Regular'),
(126, 2, '19', 'Regular'),
(127, 2, '20', 'Regular'),
(128, 2, '21', 'Regular'),
(129, 2, '22', 'Regular'),
(130, 2, '23', 'Regular'),
(131, 2, '24', 'Regular'),
(132, 2, '25', 'Regular'),
(133, 2, '26', 'Regular'),
(134, 2, '27', 'Regular'),
(135, 2, '28', 'Regular'),
(136, 2, '29', 'Regular'),
(137, 2, '30', 'Regular'),
(138, 2, '31', 'Regular'),
(139, 2, '32', 'Regular'),
(140, 2, '33', 'Regular'),
(141, 2, '34', 'Regular'),
(142, 2, '35', 'Regular'),
(143, 2, '36', 'Regular'),
(144, 2, '37', 'Regular'),
(145, 2, '38', 'Regular'),
(146, 2, '39', 'Regular'),
(147, 2, '40', 'Regular'),
(148, 2, '41', 'Regular'),
(149, 2, '42', 'Regular'),
(150, 2, '43', 'Regular'),
(151, 2, '44', 'Regular'),
(152, 2, '45', 'Regular'),
(153, 2, '46', 'Regular'),
(154, 2, '47', 'Regular'),
(155, 2, '48', 'Regular'),
(156, 2, '49', 'Regular'),
(157, 2, '50', 'Regular'),
(158, 2, '51', 'Regular'),
(159, 2, '52', 'Regular'),
(160, 2, '53', 'Regular'),
(161, 2, '54', 'Regular'),
(162, 2, '55', 'Regular'),
(163, 2, '56', 'Regular'),
(164, 2, '57', 'Regular'),
(165, 2, '58', 'Regular'),
(166, 2, '59', 'Regular'),
(167, 2, '60', 'Regular'),
(168, 2, '61', 'Regular'),
(169, 2, '62', 'Regular'),
(170, 2, '63', 'Regular'),
(171, 2, '64', 'Regular'),
(172, 2, '65', 'Regular'),
(173, 2, '66', 'Regular'),
(174, 2, '67', 'Regular'),
(175, 2, '68', 'Regular'),
(176, 2, '69', 'Regular'),
(177, 2, '70', 'Regular'),
(178, 2, '71', 'Regular'),
(179, 2, '72', 'Regular'),
(180, 2, '73', 'Regular'),
(181, 2, '74', 'Regular'),
(182, 2, '75', 'Regular'),
(183, 2, '76', 'Regular'),
(184, 2, '77', 'Regular'),
(185, 2, '78', 'Regular'),
(186, 2, '79', 'Regular'),
(187, 2, '80', 'Regular'),
(188, 2, '81', 'Regular'),
(189, 2, '82', 'Regular'),
(190, 2, '83', 'Regular'),
(191, 2, '84', 'Regular'),
(192, 2, '85', 'Regular'),
(193, 2, '86', 'Regular'),
(194, 2, '87', 'Regular'),
(195, 2, '88', 'Regular'),
(196, 2, '89', 'Regular'),
(197, 2, '90', 'Regular'),
(198, 2, '91', 'Regular'),
(199, 2, '92', 'Regular'),
(200, 2, '93', 'Regular'),
(201, 2, '94', 'Regular'),
(202, 2, '95', 'Regular'),
(204, 2, '97', 'Regular'),
(205, 2, '98', 'Regular'),
(209, 1, '60', 'Regular'),
(210, 2, '98', 'Regular'),
(211, 2, '99', 'Regular'),
(212, 2, '100', 'Regular'),
(213, 3, '1', 'Regular'),
(214, 3, '2', 'Regular'),
(215, 3, '3', 'Regular'),
(216, 3, '4', 'Regular'),
(217, 3, '5', 'Regular'),
(218, 3, '6', 'Regular'),
(219, 3, '7', 'Regular'),
(220, 3, '8', 'Regular'),
(221, 3, '9', 'Regular'),
(222, 3, '10', 'Regular'),
(223, 3, '11', 'Regular'),
(224, 3, '12', 'Regular'),
(225, 3, '13', 'Regular'),
(226, 3, '14', 'Regular'),
(227, 3, '15', 'Regular'),
(228, 3, '16', 'Regular'),
(229, 3, '17', 'Regular'),
(230, 3, '18', 'Regular'),
(231, 3, '19', 'Regular'),
(232, 3, '20', 'Regular'),
(233, 3, '21', 'Regular'),
(234, 3, '22', 'Regular'),
(235, 3, '23', 'Regular'),
(236, 3, '24', 'Regular'),
(237, 3, '25', 'Regular'),
(238, 3, '26', 'Regular'),
(239, 3, '27', 'Regular'),
(240, 3, '28', 'Regular'),
(241, 3, '29', 'Regular'),
(242, 3, '30', 'Regular'),
(243, 3, '31', 'Regular'),
(244, 3, '32', 'Regular'),
(245, 3, '33', 'Regular'),
(246, 3, '34', 'Regular'),
(247, 3, '35', 'Regular'),
(248, 3, '36', 'Regular'),
(249, 3, '37', 'Regular'),
(250, 3, '38', 'Regular'),
(251, 3, '39', 'Regular'),
(252, 3, '40', 'Regular'),
(253, 3, '41', 'Regular'),
(254, 3, '42', 'Regular'),
(255, 3, '43', 'Regular'),
(256, 3, '44', 'Regular'),
(257, 3, '45', 'Regular'),
(258, 3, '46', 'Regular'),
(259, 3, '47', 'Regular'),
(260, 3, '48', 'Regular'),
(261, 3, '49', 'Regular'),
(262, 3, '50', 'Regular'),
(263, 3, '51', 'Regular'),
(264, 3, '52', 'Regular'),
(265, 3, '53', 'Regular'),
(266, 3, '54', 'Regular'),
(267, 3, '55', 'Regular'),
(268, 3, '56', 'Regular'),
(269, 3, '57', 'Regular'),
(270, 3, '58', 'Regular'),
(271, 3, '59', 'Regular'),
(272, 3, '60', 'Regular'),
(273, 3, '61', 'Regular'),
(274, 3, '62', 'Regular'),
(275, 3, '63', 'Regular'),
(276, 3, '64', 'Regular'),
(277, 3, '65', 'Regular'),
(278, 3, '66', 'Regular'),
(279, 3, '67', 'Regular'),
(280, 3, '68', 'Regular'),
(283, 5, '1', 'vip'),
(284, 5, '2', 'Regular'),
(285, 5, '3', 'Regular'),
(286, 5, '4', 'Regular'),
(287, 5, '5', 'Regular'),
(288, 5, '6', 'Regular'),
(289, 5, '7', 'Regular'),
(291, 5, '9', 'Regular'),
(292, 5, '10', 'Regular'),
(293, 5, '11', 'Regular'),
(294, 5, '12', 'Regular'),
(295, 5, '13', 'Regular'),
(296, 5, '14', 'Regular'),
(297, 5, '99', 'Regular'),
(298, 5, '16', 'Regular'),
(299, 5, '17', 'Regular'),
(300, 5, '18', 'Regular'),
(301, 5, '19', 'Regular'),
(302, 5, '20', 'Regular'),
(303, 5, '21', 'Regular'),
(304, 5, '22', 'Regular'),
(305, 5, '23', 'Regular'),
(306, 5, '24', 'Regular'),
(307, 5, '25', 'Regular'),
(308, 5, '26', 'Regular'),
(310, 5, '28', 'Regular'),
(311, 5, '29', 'Regular'),
(312, 5, '30', 'Regular'),
(313, 5, '31', 'Regular'),
(314, 5, '32', 'Regular'),
(315, 5, '33', 'Regular'),
(316, 5, '34', 'Regular'),
(317, 5, '35', 'Regular'),
(318, 5, '36', 'Regular'),
(319, 5, '37', 'Regular'),
(320, 5, '38', 'Regular'),
(321, 5, '39', 'Regular'),
(322, 5, '40', 'Regular'),
(323, 6, '1', 'Regular'),
(324, 6, '2', 'Regular'),
(325, 6, '3', 'Regular'),
(326, 6, '4', 'Regular'),
(327, 6, '5', 'Regular'),
(328, 6, '6', 'Regular'),
(329, 6, '7', 'Regular'),
(330, 6, '8', 'Regular'),
(331, 6, '9', 'Regular'),
(332, 6, '10', 'Regular'),
(333, 6, '11', 'Regular'),
(334, 6, '12', 'Regular'),
(335, 6, '13', 'Regular'),
(336, 6, '14', 'Regular'),
(337, 6, '15', 'Regular'),
(338, 6, '16', 'Regular'),
(339, 6, '17', 'Regular'),
(340, 6, '18', 'Regular'),
(341, 6, '19', 'Regular'),
(342, 6, '20', 'Regular'),
(343, 6, '21', 'Regular'),
(344, 6, '22', 'Regular'),
(345, 6, '23', 'Regular'),
(346, 6, '24', 'Regular'),
(347, 6, '25', 'Regular'),
(348, 7, '1', 'Regular'),
(349, 7, '2', 'Regular'),
(350, 7, '3', 'Regular'),
(351, 7, '4', 'Regular'),
(352, 7, '5', 'Regular'),
(353, 7, '6', 'Regular'),
(354, 7, '7', 'Regular'),
(355, 7, '8', 'Regular'),
(356, 7, '9', 'Regular'),
(357, 7, '10', 'Regular'),
(358, 7, '11', 'Regular'),
(359, 7, '12', 'Regular'),
(360, 7, '13', 'Regular'),
(361, 7, '14', 'Regular'),
(362, 7, '17', 'Regular'),
(363, 7, '16', 'Regular'),
(364, 7, '17', 'Regular'),
(365, 7, '18', 'Regular'),
(366, 7, '19', 'Regular'),
(367, 7, '20', 'Regular'),
(368, 7, '21', 'Regular'),
(369, 7, '22', 'Regular'),
(370, 7, '23', 'Regular'),
(371, 7, '24', 'Regular'),
(372, 7, '25', 'Regular'),
(373, 7, '26', 'Regular'),
(374, 7, '27', 'Regular'),
(375, 7, '28', 'Regular'),
(376, 7, '29', 'Regular'),
(377, 7, '30', 'Regular'),
(378, 7, '31', 'Regular'),
(379, 7, '32', 'Regular'),
(380, 7, '33', 'Regular'),
(381, 7, '34', 'Regular'),
(382, 7, '35', 'Regular'),
(383, 7, '36', 'Regular'),
(384, 7, '37', 'Regular'),
(385, 7, '38', 'Regular'),
(386, 7, '39', 'Regular'),
(387, 7, '40', 'Regular'),
(388, 7, '41', 'Regular'),
(389, 7, '42', 'Regular'),
(390, 7, '43', 'Regular'),
(391, 7, '44', 'Regular'),
(392, 7, '45', 'Regular');

-- --------------------------------------------------------

--
-- Table structure for table `seat_bookings`
--

CREATE TABLE `seat_bookings` (
  `booking_id` int(11) NOT NULL,
  `schedule_id` int(11) NOT NULL,
  `user_id` int(11) NOT NULL,
  `seat_id` int(11) NOT NULL,
  `start_stop_id` int(11) NOT NULL,
  `end_stop_id` int(11) NOT NULL,
  `booking_date` datetime NOT NULL DEFAULT current_timestamp(),
  `payment_status` varchar(50) NOT NULL DEFAULT 'Pending',
  `payment_id` int(11) DEFAULT NULL,
  `boat_id` int(11) NOT NULL
) ENGINE=InnoDB DEFAULT CHARSET=utf8mb4 COLLATE=utf8mb4_general_ci;

--
-- Dumping data for table `seat_bookings`
--

INSERT INTO `seat_bookings` (`booking_id`, `schedule_id`, `user_id`, `seat_id`, `start_stop_id`, `end_stop_id`, `booking_date`, `payment_status`, `payment_id`, `boat_id`) VALUES
(173, 366, 2, 7, 7, 9, '2024-11-01 20:28:47', 'Paid', 96, 1),
(174, 366, 2, 8, 7, 9, '2024-11-01 20:28:47', 'Paid', 96, 1),
(175, 366, 2, 1, 6, 7, '2024-11-01 20:50:22', 'Paid', 97, 1),
(176, 366, 2, 2, 6, 7, '2024-11-01 20:50:22', 'Paid', 97, 1),
(177, 366, 2, 3, 6, 7, '2024-11-01 20:50:22', 'Paid', 97, 1),
(178, 366, 2, 66, 8, 9, '2024-11-01 20:51:13', 'Paid', 98, 1),
(179, 366, 2, 67, 8, 9, '2024-11-01 20:51:13', 'Paid', 98, 1),
(180, 366, 2, 68, 8, 9, '2024-11-01 20:51:13', 'Paid', 98, 1),
(181, 366, 2, 96, 8, 9, '2024-11-01 20:54:15', 'Paid', 99, 1),
(182, 366, 2, 98, 8, 9, '2024-11-01 20:54:15', 'Paid', 99, 1),
(183, 366, 2, 99, 8, 9, '2024-11-01 20:54:15', 'Paid', 99, 1),
(184, 366, 2, 7, 6, 7, '2024-11-01 20:55:12', 'Paid', 100, 1),
(185, 366, 2, 8, 6, 7, '2024-11-01 20:55:12', 'Paid', 100, 1),
(186, 366, 2, 9, 6, 7, '2024-11-01 20:55:12', 'Paid', 100, 1),
(187, 366, 2, 90, 7, 8, '2024-11-01 20:55:54', 'Paid', 101, 1),
(188, 366, 2, 91, 7, 8, '2024-11-01 20:55:54', 'Paid', 101, 1),
(189, 366, 2, 92, 7, 8, '2024-11-01 20:55:54', 'Paid', 101, 1),
(190, 366, 2, 10, 6, 9, '2024-11-01 20:57:38', 'Paid', 102, 1),
(191, 366, 2, 11, 6, 9, '2024-11-01 20:57:38', 'Paid', 102, 1),
(192, 366, 2, 72, 8, 9, '2024-11-01 20:58:19', 'Paid', 103, 1),
(193, 366, 2, 73, 8, 9, '2024-11-01 20:58:19', 'Paid', 103, 1),
(194, 366, 2, 13, 6, 8, '2024-11-02 09:54:13', 'Paid', 104, 1),
(195, 366, 2, 61, 6, 8, '2024-11-02 09:54:13', 'Paid', 104, 1),
(196, 366, 2, 4, 6, 8, '2024-11-02 09:56:45', 'Paid', 105, 1),
(197, 366, 2, 5, 6, 8, '2024-11-02 09:56:45', 'Paid', 105, 1),
(198, 366, 2, 67, 6, 8, '2024-11-02 09:58:53', 'Paid', 106, 1),
(199, 366, 2, 68, 6, 8, '2024-11-02 09:58:53', 'Paid', 106, 1),
(200, 366, 2, 81, 6, 8, '2024-11-02 10:15:37', 'Paid', 107, 1),
(201, 366, 2, 82, 6, 8, '2024-11-02 10:15:37', 'Paid', 107, 1),
(202, 366, 2, 69, 6, 8, '2024-11-02 10:31:46', 'Paid', 108, 1),
(203, 366, 2, 70, 6, 8, '2024-11-02 10:31:46', 'Paid', 108, 1),
(204, 366, 2, 87, 6, 8, '2024-11-02 11:07:17', 'Paid', 109, 1),
(205, 366, 2, 88, 6, 8, '2024-11-02 11:07:17', 'Paid', 109, 1),
(206, 366, 2, 12, 6, 8, '2024-11-02 11:07:35', 'Paid', 110, 1),
(207, 366, 2, 96, 6, 8, '2024-11-02 11:08:14', 'Paid', 111, 1),
(208, 366, 2, 76, 6, 8, '2024-11-02 11:10:26', 'Paid', 112, 1),
(209, 366, 2, 77, 6, 8, '2024-11-02 11:10:26', 'Paid', 112, 1),
(210, 366, 2, 66, 6, 8, '2024-11-02 11:11:38', 'Paid', 113, 1),
(211, 366, 2, 75, 6, 8, '2024-11-02 11:11:38', 'Paid', 113, 1),
(212, 366, 2, 71, 6, 8, '2024-11-02 11:14:24', 'Paid', 114, 1),
(213, 366, 2, 84, 6, 8, '2024-11-02 11:17:05', 'Paid', 115, 1),
(214, 366, 2, 95, 6, 8, '2024-11-02 11:18:26', 'Paid', 116, 1),
(215, 366, 2, 94, 6, 8, '2024-11-02 11:20:26', 'Paid', 117, 1),
(216, 366, 2, 78, 6, 8, '2024-11-02 11:23:18', 'Paid', 118, 1),
(217, 366, 2, 85, 6, 8, '2024-11-02 11:24:12', 'Paid', 119, 1),
(218, 366, 2, 62, 6, 8, '2024-11-02 11:26:25', 'Paid', 120, 1),
(219, 366, 2, 6, 6, 8, '2024-11-02 11:27:42', 'Paid', 121, 1),
(220, 366, 2, 63, 6, 8, '2024-11-02 11:30:11', 'Paid', 122, 1),
(221, 366, 2, 86, 6, 8, '2024-11-02 11:40:01', 'Paid', 123, 1),
(222, 366, 2, 98, 6, 8, '2024-11-02 11:44:39', 'Paid', 124, 1),
(223, 366, 2, 79, 6, 8, '2024-11-02 12:02:36', 'Paid', 125, 1),
(224, 366, 2, 72, 6, 7, '2024-11-02 12:10:34', 'Cancelled', 126, 1),
(225, 366, 2, 104, 6, 7, '2024-11-02 13:15:58', 'Cancelled', 127, 1),
(226, 366, 2, 64, 6, 8, '2024-11-02 13:20:37', 'Cancelled', 128, 1),
(227, 366, 2, 83, 6, 9, '2024-11-03 11:26:06', 'Paid', 129, 1),
(228, 366, 2, 101, 6, 9, '2024-11-03 11:26:06', 'Paid', 129, 1),
(229, 366, 2, 102, 6, 9, '2024-11-03 11:26:06', 'Paid', 129, 1),
(230, 366, 2, 64, 6, 7, '2024-11-08 14:39:38', 'Paid', 130, 1),
(231, 374, 2, 1, 6, 15, '2024-11-08 17:08:35', 'Cancelled', 131, 1),
(232, 374, 2, 2, 6, 15, '2024-11-08 17:08:35', 'Paid', 131, 1),
(233, 366, 2, 209, 6, 9, '2024-12-02 20:34:52', 'Paid', 132, 1),
(234, 366, 2, 65, 6, 9, '2024-12-02 20:36:17', 'Paid', 133, 1),
(235, 366, 2, 74, 6, 9, '2024-12-02 20:36:17', 'Paid', 133, 1),
(236, 366, 2, 107, 6, 8, '2024-12-02 20:41:12', 'Paid', 134, 1);

-- --------------------------------------------------------

--
-- Table structure for table `stop_pricing`
--

CREATE TABLE `stop_pricing` (
  `id` int(11) NOT NULL,
  `start_stop_id` int(11) NOT NULL,
  `end_stop_id` int(11) NOT NULL,
  `price` decimal(10,2) NOT NULL
) ENGINE=InnoDB DEFAULT CHARSET=utf8mb4 COLLATE=utf8mb4_general_ci;

--
-- Dumping data for table `stop_pricing`
--

INSERT INTO `stop_pricing` (`id`, `start_stop_id`, `end_stop_id`, `price`) VALUES
(225, 6, 7, 10.00),
(226, 6, 8, 25.00),
(227, 6, 9, 50.00),
(228, 6, 12, 75.00),
(229, 6, 13, 100.00),
(230, 6, 14, 125.00),
(231, 6, 15, 125.00),
(232, 7, 8, 15.00),
(233, 7, 9, 40.00),
(234, 7, 12, 65.00),
(235, 7, 13, 90.00),
(236, 7, 14, 115.00),
(237, 7, 15, 115.00),
(238, 8, 9, 25.00),
(239, 8, 12, 50.00),
(240, 8, 13, 75.00),
(241, 8, 14, 100.00),
(242, 8, 15, 100.00),
(243, 9, 12, 25.00),
(244, 9, 13, 50.00),
(245, 9, 14, 75.00),
(246, 9, 15, 75.00),
(247, 12, 13, 25.00),
(248, 12, 14, 50.00),
(249, 12, 15, 50.00),
(250, 13, 14, 25.00),
(251, 13, 15, 25.00),
(252, 14, 15, 0.00);

-- --------------------------------------------------------

--
-- Table structure for table `tickets`
--

CREATE TABLE `tickets` (
  `ticket_id` int(11) NOT NULL,
  `booking_id` varchar(255) DEFAULT NULL,
  `amount` decimal(10,2) DEFAULT NULL,
  `user_id` int(11) DEFAULT NULL
) ENGINE=InnoDB DEFAULT CHARSET=utf8mb4 COLLATE=utf8mb4_general_ci;

--
-- Dumping data for table `tickets`
--

INSERT INTO `tickets` (`ticket_id`, `booking_id`, `amount`, `user_id`) VALUES
(36, '', 0.00, 2),
(37, '', 0.00, 2),
(38, '', 0.00, 2),
(39, '', 0.00, 2),
(40, '', 0.00, 2),
(41, '', 0.00, 2),
(42, '102,103,104', 75.00, 2),
(43, '', 0.00, 2),
(44, '107', 45.00, 2),
(45, '109,110', 24.00, 2),
(46, '111', 25.00, 2),
(47, '112', 12.00, 2),
(48, '114', 12.50, 2),
(49, '', 0.00, 2),
(50, '', 0.00, 2),
(51, '', 0.00, 2),
(52, '120,121,122', 37.50, 2),
(53, '123,124,125', 150.00, 2),
(54, '126,127,128', 75.00, 2),
(55, '129,130,131', 150.00, 2),
(56, '132', 37.50, 2),
(57, '133', 50.00, 2),
(58, '134,135,136', 37.50, 2),
(59, '137,138,139', 112.50, 2),
(60, '140,141,142', 37.50, 2),
(61, '143,144,145', 37.50, 2),
(62, '146,147,148', 112.50, 2),
(63, '149,150,151', 37.50, 2),
(64, '152,153,154', 112.50, 2),
(65, '155,156,157', 112.50, 2),
(66, '158,159', 25.00, 2),
(67, '160,161', 100.00, 2),
(68, '162,163,164', 75.00, 2),
(69, '165,166,167', 75.00, 2),
(70, '168,169,170', 75.00, 2),
(71, '171,172', 25.00, 2),
(72, '173,174', 75.00, 2),
(73, '175,176,177', 37.50, 2),
(74, '178,179,180', 75.00, 2),
(75, '181,182,183', 75.00, 2),
(76, '184,185,186', 37.50, 2),
(77, '187,188,189', 37.50, 2),
(78, '190,191', 100.00, 2),
(79, '192,193', 50.00, 2),
(80, '194,195', 50.00, 2),
(81, '204,205', 50.00, 2),
(82, '206', 25.00, 2),
(83, '208,209', 50.00, 2),
(84, '210,211', 50.00, 2),
(85, '212', 25.00, 2),
(86, '213', 25.00, 2),
(87, '214', 25.00, 2),
(88, '215', 25.00, 2),
(89, '216', 25.00, 2),
(90, '217', 25.00, 2),
(91, '218', 25.00, 2),
(92, '219', 25.00, 2),
(93, '220', 25.00, 2),
(94, '221', 25.00, 2),
(95, '222', 25.00, 2),
(96, '223', 25.00, 2),
(97, '', 0.00, 2),
(98, '', 0.00, 2),
(99, '', 0.00, 2),
(100, '227,228,229', 150.00, 2),
(101, '230', 12.50, 2),
(102, '232', 125.00, 2),
(103, '233', 50.00, 2),
(104, '234,235', 100.00, 2),
(105, '236', 25.00, 2);

-- --------------------------------------------------------

--
-- Table structure for table `users`
--

CREATE TABLE `users` (
  `user_id` int(11) NOT NULL,
  `name` varchar(255) NOT NULL,
  `email` varchar(255) NOT NULL,
  `password` varchar(255) NOT NULL,
  `phone_number` varchar(20) DEFAULT NULL,
  `address` text DEFAULT NULL,
  `role` varchar(50) NOT NULL DEFAULT 'User'
) ENGINE=InnoDB DEFAULT CHARSET=utf8mb4 COLLATE=utf8mb4_general_ci;

--
-- Dumping data for table `users`
--

INSERT INTO `users` (`user_id`, `name`, `email`, `password`, `phone_number`, `address`, `role`) VALUES
(1, 'Deepak Joshy', 'deepakjoshy1771@gmail.com', '$2y$10$9deXTnuOUSZbkgBKkLbf7./iVCzz311599bba9TuF6Z.D.0t0E.nG', '9497384572', 'Puthanthara House', 'Admin'),
(2, 'Deepak Joshy', 'deepakjoshy17@gmail.com', '$2y$10$TXg6Hld4oGtJxDezcin5h.TD1DpfHUAzrl39o3RphPq.9PKyKMOGq', '9497384572', 'Puthanthara House', 'User'),
(6, 'Alan', 'appujoshy8@gmail.com', '$2y$10$NY0rRijH8uSn5wBpHm42neRxugb7dUYw54wIclgKT6I9Yb30FknFy', '9961617599', 'AWQA', 'User'),
(7, 'midhun', 'midhunpsunil142@gmail.com', '$2y$10$kbJxlQG1MfYo2yGF2UAEG.Zls5oR7MgkQjiFdOUYToWQEoL44qp8W', '8590169721', 'kuppethazham ,Thiruvaniyoor', 'User'),
(8, 'Ben Yohannan', 'benyohannanillickal@gmail.com', '$2y$10$mXpiKfenSW6umillKz3aXu7h0KEFtPVCH64Vmohs7PQgXEmv56h9u', '7558088553', 'illickal house', 'User');

--
-- Indexes for dumped tables
--

--
-- Indexes for table `admin_logs`
--
ALTER TABLE `admin_logs`
  ADD PRIMARY KEY (`log_id`),
  ADD KEY `admin_id` (`admin_id`);

--
-- Indexes for table `boats`
--
ALTER TABLE `boats`
  ADD PRIMARY KEY (`boat_id`);

--
-- Indexes for table `cancellations`
--
ALTER TABLE `cancellations`
  ADD PRIMARY KEY (`cancellation_id`),
  ADD KEY `booking_id` (`booking_id`);

--
-- Indexes for table `enquiries`
--
ALTER TABLE `enquiries`
  ADD PRIMARY KEY (`enquiry_id`),
  ADD KEY `user_id` (`user_id`);

--
-- Indexes for table `payments`
--
ALTER TABLE `payments`
  ADD PRIMARY KEY (`payment_id`);

--
-- Indexes for table `routes`
--
ALTER TABLE `routes`
  ADD PRIMARY KEY (`route_id`);

--
-- Indexes for table `route_stops`
--
ALTER TABLE `route_stops`
  ADD PRIMARY KEY (`stop_id`),
  ADD KEY `route_id` (`route_id`);

--
-- Indexes for table `route_stop_times`
--
ALTER TABLE `route_stop_times`
  ADD PRIMARY KEY (`route_id`,`stop_id`),
  ADD KEY `stop_id` (`stop_id`);

--
-- Indexes for table `schedules`
--
ALTER TABLE `schedules`
  ADD PRIMARY KEY (`schedule_id`),
  ADD KEY `boat_id` (`boat_id`),
  ADD KEY `route_id` (`route_id`);

--
-- Indexes for table `seats`
--
ALTER TABLE `seats`
  ADD PRIMARY KEY (`seat_id`),
  ADD KEY `boat_id` (`boat_id`);

--
-- Indexes for table `seat_bookings`
--
ALTER TABLE `seat_bookings`
  ADD PRIMARY KEY (`booking_id`),
  ADD KEY `schedule_id` (`schedule_id`),
  ADD KEY `user_id` (`user_id`),
  ADD KEY `seat_id` (`seat_id`),
  ADD KEY `start_stop_id` (`start_stop_id`),
  ADD KEY `end_stop_id` (`end_stop_id`),
  ADD KEY `payment_id` (`payment_id`),
  ADD KEY `boat_id` (`boat_id`);

--
-- Indexes for table `stop_pricing`
--
ALTER TABLE `stop_pricing`
  ADD PRIMARY KEY (`id`),
  ADD KEY `start_stop_id` (`start_stop_id`),
  ADD KEY `end_stop_id` (`end_stop_id`);

--
-- Indexes for table `tickets`
--
ALTER TABLE `tickets`
  ADD PRIMARY KEY (`ticket_id`),
  ADD KEY `user_id` (`user_id`);

--
-- Indexes for table `users`
--
ALTER TABLE `users`
  ADD PRIMARY KEY (`user_id`),
  ADD UNIQUE KEY `email` (`email`);

--
-- AUTO_INCREMENT for dumped tables
--

--
-- AUTO_INCREMENT for table `admin_logs`
--
ALTER TABLE `admin_logs`
  MODIFY `log_id` int(11) NOT NULL AUTO_INCREMENT, AUTO_INCREMENT=145;

--
-- AUTO_INCREMENT for table `boats`
--
ALTER TABLE `boats`
  MODIFY `boat_id` int(11) NOT NULL AUTO_INCREMENT, AUTO_INCREMENT=8;

--
-- AUTO_INCREMENT for table `cancellations`
--
ALTER TABLE `cancellations`
  MODIFY `cancellation_id` int(11) NOT NULL AUTO_INCREMENT, AUTO_INCREMENT=93;

--
-- AUTO_INCREMENT for table `enquiries`
--
ALTER TABLE `enquiries`
  MODIFY `enquiry_id` int(11) NOT NULL AUTO_INCREMENT, AUTO_INCREMENT=9;

--
-- AUTO_INCREMENT for table `payments`
--
ALTER TABLE `payments`
  MODIFY `payment_id` int(11) NOT NULL AUTO_INCREMENT, AUTO_INCREMENT=135;

--
-- AUTO_INCREMENT for table `routes`
--
ALTER TABLE `routes`
  MODIFY `route_id` int(11) NOT NULL AUTO_INCREMENT, AUTO_INCREMENT=6;

--
-- AUTO_INCREMENT for table `route_stops`
--
ALTER TABLE `route_stops`
  MODIFY `stop_id` int(11) NOT NULL AUTO_INCREMENT, AUTO_INCREMENT=17;

--
-- AUTO_INCREMENT for table `schedules`
--
ALTER TABLE `schedules`
  MODIFY `schedule_id` int(11) NOT NULL AUTO_INCREMENT, AUTO_INCREMENT=1465;

--
-- AUTO_INCREMENT for table `seats`
--
ALTER TABLE `seats`
  MODIFY `seat_id` int(11) NOT NULL AUTO_INCREMENT, AUTO_INCREMENT=393;

--
-- AUTO_INCREMENT for table `seat_bookings`
--
ALTER TABLE `seat_bookings`
  MODIFY `booking_id` int(11) NOT NULL AUTO_INCREMENT, AUTO_INCREMENT=237;

--
-- AUTO_INCREMENT for table `stop_pricing`
--
ALTER TABLE `stop_pricing`
  MODIFY `id` int(11) NOT NULL AUTO_INCREMENT, AUTO_INCREMENT=253;

--
-- AUTO_INCREMENT for table `tickets`
--
ALTER TABLE `tickets`
  MODIFY `ticket_id` int(11) NOT NULL AUTO_INCREMENT, AUTO_INCREMENT=106;

--
-- AUTO_INCREMENT for table `users`
--
ALTER TABLE `users`
  MODIFY `user_id` int(11) NOT NULL AUTO_INCREMENT, AUTO_INCREMENT=9;

--
-- Constraints for dumped tables
--

--
-- Constraints for table `admin_logs`
--
ALTER TABLE `admin_logs`
  ADD CONSTRAINT `admin_logs_ibfk_1` FOREIGN KEY (`admin_id`) REFERENCES `users` (`user_id`) ON DELETE CASCADE;

--
-- Constraints for table `cancellations`
--
ALTER TABLE `cancellations`
  ADD CONSTRAINT `cancellations_ibfk_1` FOREIGN KEY (`booking_id`) REFERENCES `seat_bookings` (`booking_id`);

--
-- Constraints for table `enquiries`
--
ALTER TABLE `enquiries`
  ADD CONSTRAINT `enquiries_ibfk_1` FOREIGN KEY (`user_id`) REFERENCES `users` (`user_id`) ON DELETE SET NULL;

--
-- Constraints for table `route_stops`
--
ALTER TABLE `route_stops`
  ADD CONSTRAINT `route_stops_ibfk_1` FOREIGN KEY (`route_id`) REFERENCES `routes` (`route_id`);

--
-- Constraints for table `route_stop_times`
--
ALTER TABLE `route_stop_times`
  ADD CONSTRAINT `route_stop_times_ibfk_1` FOREIGN KEY (`route_id`) REFERENCES `routes` (`route_id`),
  ADD CONSTRAINT `route_stop_times_ibfk_2` FOREIGN KEY (`stop_id`) REFERENCES `route_stops` (`stop_id`);

--
-- Constraints for table `schedules`
--
ALTER TABLE `schedules`
  ADD CONSTRAINT `schedules_ibfk_1` FOREIGN KEY (`boat_id`) REFERENCES `boats` (`boat_id`),
  ADD CONSTRAINT `schedules_ibfk_2` FOREIGN KEY (`route_id`) REFERENCES `routes` (`route_id`);

--
-- Constraints for table `seats`
--
ALTER TABLE `seats`
  ADD CONSTRAINT `seats_ibfk_1` FOREIGN KEY (`boat_id`) REFERENCES `boats` (`boat_id`);

--
-- Constraints for table `seat_bookings`
--
ALTER TABLE `seat_bookings`
  ADD CONSTRAINT `seat_bookings_ibfk_1` FOREIGN KEY (`schedule_id`) REFERENCES `schedules` (`schedule_id`),
  ADD CONSTRAINT `seat_bookings_ibfk_2` FOREIGN KEY (`user_id`) REFERENCES `users` (`user_id`),
  ADD CONSTRAINT `seat_bookings_ibfk_3` FOREIGN KEY (`seat_id`) REFERENCES `seats` (`seat_id`),
  ADD CONSTRAINT `seat_bookings_ibfk_4` FOREIGN KEY (`start_stop_id`) REFERENCES `route_stops` (`stop_id`),
  ADD CONSTRAINT `seat_bookings_ibfk_5` FOREIGN KEY (`end_stop_id`) REFERENCES `route_stops` (`stop_id`),
  ADD CONSTRAINT `seat_bookings_ibfk_6` FOREIGN KEY (`payment_id`) REFERENCES `payments` (`payment_id`),
  ADD CONSTRAINT `seat_bookings_ibfk_7` FOREIGN KEY (`boat_id`) REFERENCES `boats` (`boat_id`);

--
-- Constraints for table `stop_pricing`
--
ALTER TABLE `stop_pricing`
  ADD CONSTRAINT `stop_pricing_ibfk_1` FOREIGN KEY (`start_stop_id`) REFERENCES `route_stops` (`stop_id`),
  ADD CONSTRAINT `stop_pricing_ibfk_2` FOREIGN KEY (`end_stop_id`) REFERENCES `route_stops` (`stop_id`);

--
-- Constraints for table `tickets`
--
ALTER TABLE `tickets`
  ADD CONSTRAINT `tickets_ibfk_1` FOREIGN KEY (`user_id`) REFERENCES `users` (`user_id`) ON DELETE CASCADE;
COMMIT;

/*!40101 SET CHARACTER_SET_CLIENT=@OLD_CHARACTER_SET_CLIENT */;
/*!40101 SET CHARACTER_SET_RESULTS=@OLD_CHARACTER_SET_RESULTS */;
/*!40101 SET COLLATION_CONNECTION=@OLD_COLLATION_CONNECTION */;
